de;haeufigkeit;streuung;verdacht;prompt_rang;kapitel_anzahl;kapitel
David;1109;0.23;;3;257;1. Chronik 10|1. Chronik 11|1. Chronik 12|1. Chronik 13|1. Chronik 14|1. Chronik 15|1. Chronik 16|1. Chronik 17|1. Chronik 18|1. Chronik 19|1. Chronik 2|1. Chronik 20|1. Chronik 21|1. Chronik 22|1. Chronik 23|1. Chronik 24|1. Chronik 25|1. Chronik 26|1. Chronik 27|1. Chronik 28|1. Chronik 29|1. Chronik 3|1. Chronik 4|1. Chronik 6|1. Chronik 7|1. Chronik 9|1. Könige 1|1. Könige 11|1. Könige 12|1. Könige 13|1. Könige 14|1. Könige 15|1. Könige 2|1. Könige 22|1. Könige 3|1. Könige 5|1. Könige 6|1. Könige 7|1. Könige 8|1. Könige 9
Jesu;973;0.21;;3;207;1. Johannes 1|1. Johannes 2|1. Johannes 3|1. Johannes 4|1. Johannes 5|1. Korinther 1|1. Korinther 11|1. Korinther 12|1. Korinther 15|1. Korinther 16|1. Korinther 2|1. Korinther 3|1. Korinther 4|1. Korinther 5|1. Korinther 6|1. Korinther 8|1. Korinther 9|1. Petrus 1|1. Petrus 2|1. Petrus 3|1. Petrus 4|1. Petrus 5|1. Thessalonicher 1|1. Thessalonicher 2|1. Thessalonicher 3|1. Thessalonicher 4|1. Thessalonicher 5|1. Timotheus 1|1. Timotheus 2|1. Timotheus 3|1. Timotheus 4|1. Timotheus 5|1. Timotheus 6|2. Johannes 1|2. Korinther 1|2. Korinther 11|2. Korinther 13|2. Korinther 4|2. Korinther 8|2. Petrus 1
Juda;840;0.34;;3;289;1. Chronik 12|1. Chronik 13|1. Chronik 2|1. Chronik 21|1. Chronik 27|1. Chronik 28|1. Chronik 4|1. Chronik 5|1. Chronik 6|1. Chronik 9|1. Könige 1|1. Könige 12|1. Könige 13|1. Könige 14|1. Könige 15|1. Könige 16|1. Könige 19|1. Könige 2|1. Könige 22|1. Könige 4|1. Könige 5|1. Mose 29|1. Mose 35|1. Mose 37|1. Mose 38|1. Mose 43|1. Mose 44|1. Mose 46|1. Mose 49|1. Samuel 11|1. Samuel 15|1. Samuel 17|1. Samuel 18|1. Samuel 22|1. Samuel 23|1. Samuel 27|1. Samuel 30|2. Chronik 10|2. Chronik 11|2. Chronik 12
Mose;835;0.25;;3;209;1. Chronik 15|1. Chronik 21|1. Chronik 22|1. Chronik 23|1. Chronik 26|1. Chronik 5|1. Chronik 6|1. Korinther 10|1. Korinther 9|1. Könige 2|1. Könige 8|1. Samuel 12|2. Chronik 1|2. Chronik 23|2. Chronik 24|2. Chronik 25|2. Chronik 30|2. Chronik 33|2. Chronik 34|2. Chronik 35|2. Chronik 5|2. Chronik 8|2. Korinther 3|2. Könige 14|2. Könige 18|2. Könige 21|2. Könige 23|2. Mose 10|2. Mose 11|2. Mose 12|2. Mose 13|2. Mose 14|2. Mose 15|2. Mose 16|2. Mose 17|2. Mose 18|2. Mose 19|2. Mose 2|2. Mose 20|2. Mose 24
Jerusalem;806;0.38;;3;305;1. Chronik 11|1. Chronik 14|1. Chronik 15|1. Chronik 18|1. Chronik 19|1. Chronik 20|1. Chronik 21|1. Chronik 23|1. Chronik 28|1. Chronik 29|1. Chronik 3|1. Chronik 5|1. Chronik 6|1. Chronik 8|1. Chronik 9|1. Korinther 16|1. Könige 10|1. Könige 11|1. Könige 12|1. Könige 14|1. Könige 15|1. Könige 2|1. Könige 22|1. Könige 3|1. Könige 8|1. Könige 9|1. Samuel 17|2. Chronik 1|2. Chronik 10|2. Chronik 11|2. Chronik 12|2. Chronik 13|2. Chronik 14|2. Chronik 15|2. Chronik 17|2. Chronik 19|2. Chronik 2|2. Chronik 20|2. Chronik 21|2. Chronik 22
Ägypten;484;0.4;;3;195;1. Chronik 13|1. Chronik 17|1. Könige 10|1. Könige 11|1. Könige 12|1. Könige 14|1. Könige 3|1. Könige 5|1. Könige 6|1. Könige 8|1. Könige 9|1. Mose 12|1. Mose 13|1. Mose 15|1. Mose 21|1. Mose 25|1. Mose 26|1. Mose 37|1. Mose 39|1. Mose 40|1. Mose 41|1. Mose 42|1. Mose 43|1. Mose 45|1. Mose 46|1. Mose 47|1. Mose 48|1. Mose 50|1. Samuel 10|1. Samuel 12|1. Samuel 15|1. Samuel 2|1. Samuel 27|1. Samuel 8|2. Chronik 1|2. Chronik 10|2. Chronik 12|2. Chronik 26|2. Chronik 35|2. Chronik 36
Christus;418;0.36;;3;150;1. Johannes 1|1. Johannes 2|1. Johannes 3|1. Johannes 4|1. Johannes 5|1. Korinther 1|1. Korinther 10|1. Korinther 11|1. Korinther 12|1. Korinther 15|1. Korinther 16|1. Korinther 2|1. Korinther 3|1. Korinther 4|1. Korinther 5|1. Korinther 6|1. Korinther 8|1. Korinther 9|1. Petrus 1|1. Petrus 2|1. Petrus 3|1. Petrus 4|1. Petrus 5|1. Thessalonicher 1|1. Thessalonicher 2|1. Thessalonicher 4|1. Thessalonicher 5|1. Timotheus 1|1. Timotheus 2|1. Timotheus 3|1. Timotheus 5|1. Timotheus 6|2. Johannes 1|2. Korinther 1|2. Korinther 10|2. Korinther 11|2. Korinther 12|2. Korinther 13|2. Korinther 2|2. Korinther 3
Saul;412;0.15;;3;60;1. Chronik 1|1. Chronik 10|1. Chronik 11|1. Chronik 12|1. Chronik 13|1. Chronik 15|1. Chronik 26|1. Chronik 4|1. Chronik 5|1. Chronik 6|1. Chronik 8|1. Chronik 9|1. Mose 36|1. Mose 46|1. Samuel 10|1. Samuel 11|1. Samuel 13|1. Samuel 14|1. Samuel 15|1. Samuel 16|1. Samuel 17|1. Samuel 18|1. Samuel 19|1. Samuel 20|1. Samuel 21|1. Samuel 22|1. Samuel 23|1. Samuel 24|1. Samuel 25|1. Samuel 26|1. Samuel 27|1. Samuel 28|1. Samuel 29|1. Samuel 31|1. Samuel 9|2. Mose 6|2. Samuel 1|2. Samuel 12|2. Samuel 16|2. Samuel 19
Jakob;374;0.37;;3;138;1. Chronik 16|1. Könige 18|1. Mose 25|1. Mose 27|1. Mose 28|1. Mose 29|1. Mose 30|1. Mose 31|1. Mose 32|1. Mose 33|1. Mose 34|1. Mose 35|1. Mose 36|1. Mose 37|1. Mose 42|1. Mose 45|1. Mose 46|1. Mose 47|1. Mose 48|1. Mose 49|1. Mose 50|1. Samuel 12|2. Könige 13|2. Könige 17|2. Mose 1|2. Mose 19|2. Mose 2|2. Mose 3|2. Mose 33|2. Mose 4|2. Mose 6|2. Samuel 23|3. Mose 26|4. Mose 23|4. Mose 24|4. Mose 32|5. Mose 1|5. Mose 29|5. Mose 30|5. Mose 32
Aaron;343;0.29;;3;100;1. Chronik 12|1. Chronik 15|1. Chronik 23|1. Chronik 24|1. Chronik 5|1. Chronik 6|1. Samuel 12|2. Chronik 13|2. Chronik 26|2. Chronik 29|2. Chronik 31|2. Chronik 35|2. Mose 10|2. Mose 11|2. Mose 12|2. Mose 15|2. Mose 16|2. Mose 17|2. Mose 18|2. Mose 19|2. Mose 24|2. Mose 27|2. Mose 28|2. Mose 29|2. Mose 30|2. Mose 31|2. Mose 32|2. Mose 34|2. Mose 35|2. Mose 38|2. Mose 39|2. Mose 4|2. Mose 40|2. Mose 5|2. Mose 6|2. Mose 7|2. Mose 8|2. Mose 9|3. Mose 1|3. Mose 10
Salomo;298;0.22;;3;67;1. Chronik 14|1. Chronik 18|1. Chronik 22|1. Chronik 23|1. Chronik 28|1. Chronik 29|1. Chronik 3|1. Chronik 5|1. Chronik 6|1. Könige 1|1. Könige 10|1. Könige 11|1. Könige 12|1. Könige 14|1. Könige 2|1. Könige 3|1. Könige 4|1. Könige 5|1. Könige 6|1. Könige 7|1. Könige 8|1. Könige 9|2. Chronik 1|2. Chronik 10|2. Chronik 11|2. Chronik 12|2. Chronik 13|2. Chronik 2|2. Chronik 3|2. Chronik 30|2. Chronik 33|2. Chronik 35|2. Chronik 4|2. Chronik 5|2. Chronik 6|2. Chronik 7|2. Chronik 8|2. Chronik 9|2. Könige 21|2. Könige 23
Gold;271;0.49;;3;134;1. Chronik 18|1. Chronik 20|1. Chronik 22|1. Chronik 28|1. Chronik 29|1. Korinther 3|1. Könige 10|1. Könige 15|1. Könige 20|1. Könige 22|1. Könige 6|1. Könige 7|1. Könige 9|1. Mose 13|1. Mose 2|1. Mose 24|1. Mose 44|1. Petrus 1|1. Timotheus 2|2. Chronik 1|2. Chronik 15|2. Chronik 16|2. Chronik 2|2. Chronik 21|2. Chronik 25|2. Chronik 3|2. Chronik 32|2. Chronik 36|2. Chronik 4|2. Chronik 5|2. Chronik 8|2. Chronik 9|2. Könige 12|2. Könige 14|2. Könige 16|2. Könige 18|2. Könige 20|2. Könige 23|2. Könige 25|2. Könige 7
Abraham;244;0.31;;3;76;1. Chronik 1|1. Chronik 16|1. Chronik 29|1. Könige 18|1. Mose 17|1. Mose 18|1. Mose 19|1. Mose 20|1. Mose 21|1. Mose 22|1. Mose 23|1. Mose 24|1. Mose 25|1. Mose 26|1. Mose 28|1. Mose 31|1. Mose 32|1. Mose 35|1. Mose 48|1. Mose 49|1. Mose 50|1. Petrus 3|2. Chronik 20|2. Chronik 30|2. Korinther 11|2. Könige 13|2. Mose 2|2. Mose 3|2. Mose 32|2. Mose 33|2. Mose 4|2. Mose 6|3. Mose 26|4. Mose 32|5. Mose 1|5. Mose 29|5. Mose 30|5. Mose 34|5. Mose 6|5. Mose 9
Joseph;239;0.29;;3;70;1. Chronik 2|1. Chronik 25|1. Chronik 5|1. Chronik 7|1. Könige 11|1. Mose 30|1. Mose 33|1. Mose 35|1. Mose 37|1. Mose 39|1. Mose 40|1. Mose 41|1. Mose 42|1. Mose 43|1. Mose 44|1. Mose 45|1. Mose 46|1. Mose 47|1. Mose 48|1. Mose 49|1. Mose 50|2. Mose 1|2. Mose 13|2. Samuel 19|4. Mose 1|4. Mose 13|4. Mose 26|4. Mose 27|4. Mose 32|4. Mose 34|4. Mose 36|5. Mose 27|5. Mose 33|Amos 5|Amos 6|Apostelgeschichte 1|Apostelgeschichte 7|Esra 10|Hebräer 11|Hesekiel 37
Babel;233;0.29;;3;67;1. Chronik 9|1. Mose 10|1. Mose 11|2. Chronik 32|2. Chronik 33|2. Chronik 36|2. Könige 17|2. Könige 20|2. Könige 24|2. Könige 25|Daniel 1|Daniel 2|Daniel 3|Daniel 4|Daniel 5|Daniel 7|Esra 2|Esra 5|Esra 6|Esra 7|Esra 8|Esther 2|Hesekiel 12|Hesekiel 17|Hesekiel 19|Hesekiel 21|Hesekiel 23|Hesekiel 24|Hesekiel 26|Hesekiel 29|Hesekiel 30|Hesekiel 32|Jeremia 20|Jeremia 22|Jeremia 24|Jeremia 25|Jeremia 27|Jeremia 28|Jeremia 29|Jeremia 32
Josua;215;0.24;;3;52;1. Chronik 7|1. Könige 16|1. Samuel 6|2. Könige 23|2. Mose 17|2. Mose 24|2. Mose 32|2. Mose 33|4. Mose 11|4. Mose 13|4. Mose 14|4. Mose 26|4. Mose 27|4. Mose 32|4. Mose 34|5. Mose 1|5. Mose 3|5. Mose 31|5. Mose 32|5. Mose 34|Apostelgeschichte 7|Haggai 1|Haggai 2|Hebräer 4|Josua 1|Josua 10|Josua 11|Josua 12|Josua 13|Josua 14|Josua 15|Josua 17|Josua 18|Josua 19|Josua 2|Josua 20|Josua 21|Josua 22|Josua 23|Josua 24
Silber;187;0.68;;2;127;1. Chronik 18|1. Chronik 19|1. Chronik 22|1. Chronik 28|1. Chronik 29|1. Korinther 3|1. Könige 10|1. Könige 15|1. Könige 16|1. Könige 20|1. Könige 7|1. Mose 13|1. Mose 23|1. Mose 24|1. Mose 44|1. Petrus 1|2. Chronik 1|2. Chronik 15|2. Chronik 16|2. Chronik 17|2. Chronik 2|2. Chronik 21|2. Chronik 25|2. Chronik 27|2. Chronik 32|2. Chronik 36|2. Chronik 5|2. Chronik 9|2. Könige 14|2. Könige 15|2. Könige 16|2. Könige 18|2. Könige 20|2. Könige 23|2. Könige 25|2. Könige 5|2. Könige 7|2. Mose 25|2. Mose 27|2. Mose 31
Ephraim;176;0.51;;2;89;1. Chronik 12|1. Chronik 27|1. Chronik 6|1. Chronik 7|1. Chronik 9|1. Könige 12|1. Könige 4|1. Mose 41|1. Mose 46|1. Mose 48|1. Mose 50|1. Samuel 1|1. Samuel 14|1. Samuel 9|2. Chronik 13|2. Chronik 15|2. Chronik 17|2. Chronik 19|2. Chronik 25|2. Chronik 28|2. Chronik 30|2. Chronik 31|2. Chronik 34|2. Könige 14|2. Könige 5|2. Samuel 13|2. Samuel 18|2. Samuel 2|2. Samuel 20|4. Mose 1|4. Mose 10|4. Mose 13|4. Mose 2|4. Mose 26|4. Mose 34|4. Mose 7|5. Mose 33|5. Mose 34|Hesekiel 37|Hesekiel 48
Zion;161;0.65;;2;104;1. Chronik 11|1. Könige 8|1. Petrus 2|2. Chronik 5|2. Könige 19|2. Samuel 5|Amos 1|Amos 6|Hebräer 12|Hohelied 3|Jeremia 14|Jeremia 26|Jeremia 3|Jeremia 30|Jeremia 31|Jeremia 4|Jeremia 50|Jeremia 51|Jeremia 6|Jeremia 8|Jeremia 9|Jesaja 1|Jesaja 10|Jesaja 12|Jesaja 14|Jesaja 16|Jesaja 18|Jesaja 2|Jesaja 24|Jesaja 28|Jesaja 29|Jesaja 3|Jesaja 30|Jesaja 31|Jesaja 33|Jesaja 34|Jesaja 35|Jesaja 37|Jesaja 4|Jesaja 40
Paulus;161;0.24;;2;38;1. Korinther 1|1. Korinther 16|1. Korinther 3|1. Thessalonicher 1|1. Thessalonicher 2|1. Timotheus 1|2. Korinther 1|2. Korinther 10|2. Petrus 3|2. Thessalonicher 1|2. Thessalonicher 3|2. Timotheus 1|Apostelgeschichte 13|Apostelgeschichte 14|Apostelgeschichte 15|Apostelgeschichte 16|Apostelgeschichte 17|Apostelgeschichte 18|Apostelgeschichte 19|Apostelgeschichte 20|Apostelgeschichte 21|Apostelgeschichte 22|Apostelgeschichte 23|Apostelgeschichte 24|Apostelgeschichte 25|Apostelgeschichte 26|Apostelgeschichte 27|Apostelgeschichte 28|Epheser 1|Epheser 3|Galater 1|Galater 5|Kolosser 1|Kolosser 4|Philemon 1|Philipper 1|Römer 1|Titus 1
Benjamin;160;0.48;;2;77;1. Chronik 11|1. Chronik 12|1. Chronik 2|1. Chronik 21|1. Chronik 27|1. Chronik 6|1. Chronik 7|1. Chronik 8|1. Chronik 9|1. Könige 12|1. Könige 15|1. Könige 4|1. Mose 35|1. Mose 42|1. Mose 43|1. Mose 44|1. Mose 45|1. Mose 46|1. Mose 49|1. Samuel 10|1. Samuel 9|2. Chronik 11|2. Chronik 14|2. Chronik 15|2. Chronik 17|2. Chronik 25|2. Chronik 31|2. Chronik 34|2. Mose 1|2. Samuel 19|2. Samuel 2|2. Samuel 20|2. Samuel 21|2. Samuel 23|2. Samuel 3|2. Samuel 4|4. Mose 1|4. Mose 10|4. Mose 13|4. Mose 2
Petrus;159;0.3;;2;48;1. Petrus 1|2. Petrus 1|Apostelgeschichte 1|Apostelgeschichte 10|Apostelgeschichte 11|Apostelgeschichte 12|Apostelgeschichte 15|Apostelgeschichte 2|Apostelgeschichte 3|Apostelgeschichte 4|Apostelgeschichte 5|Apostelgeschichte 8|Apostelgeschichte 9|Galater 1|Galater 2|Johannes 1|Johannes 13|Johannes 18|Johannes 20|Johannes 21|Johannes 6|Lukas 12|Lukas 18|Lukas 22|Lukas 24|Lukas 5|Lukas 6|Lukas 8|Lukas 9|Markus 10|Markus 11|Markus 13|Markus 14|Markus 16|Markus 3|Markus 5|Markus 8|Markus 9|Matthäus 10|Matthäus 14
Manasse;149;0.42;;2;62;1. Chronik 12|1. Chronik 26|1. Chronik 27|1. Chronik 3|1. Chronik 5|1. Chronik 6|1. Chronik 7|1. Chronik 9|1. Könige 4|1. Mose 41|1. Mose 46|1. Mose 48|1. Mose 50|2. Chronik 15|2. Chronik 30|2. Chronik 31|2. Chronik 32|2. Chronik 33|2. Chronik 34|2. Könige 20|2. Könige 21|2. Könige 23|2. Könige 24|4. Mose 1|4. Mose 10|4. Mose 13|4. Mose 2|4. Mose 26|4. Mose 27|4. Mose 32|4. Mose 34|4. Mose 36|4. Mose 7|5. Mose 29|5. Mose 3|5. Mose 33|5. Mose 34|Esra 10|Hesekiel 48|Jeremia 15
Jeremia;148;0.32;;2;47;1. Chronik 12|1. Chronik 5|2. Chronik 35|2. Chronik 36|2. Könige 23|2. Könige 24|Daniel 9|Esra 1|Jeremia 1|Jeremia 11|Jeremia 14|Jeremia 18|Jeremia 19|Jeremia 20|Jeremia 21|Jeremia 24|Jeremia 25|Jeremia 26|Jeremia 27|Jeremia 28|Jeremia 29|Jeremia 30|Jeremia 32|Jeremia 33|Jeremia 34|Jeremia 35|Jeremia 36|Jeremia 37|Jeremia 38|Jeremia 39|Jeremia 40|Jeremia 42|Jeremia 43|Jeremia 44|Jeremia 45|Jeremia 46|Jeremia 47|Jeremia 49|Jeremia 50|Jeremia 51
Joab;142;0.2;;2;29;1. Chronik 11|1. Chronik 18|1. Chronik 19|1. Chronik 2|1. Chronik 20|1. Chronik 21|1. Chronik 26|1. Chronik 27|1. Chronik 4|1. Könige 1|1. Könige 11|1. Könige 2|1. Samuel 26|2. Samuel 10|2. Samuel 11|2. Samuel 12|2. Samuel 14|2. Samuel 17|2. Samuel 18|2. Samuel 19|2. Samuel 2|2. Samuel 20|2. Samuel 23|2. Samuel 24|2. Samuel 3|2. Samuel 8|Esra 8|Nehemia 7|Psalmen 60
Samuel;140;0.2;;2;28;1. Chronik 11|1. Chronik 26|1. Chronik 29|1. Chronik 6|1. Chronik 7|1. Chronik 9|1. Samuel 1|1. Samuel 10|1. Samuel 11|1. Samuel 12|1. Samuel 13|1. Samuel 15|1. Samuel 16|1. Samuel 19|1. Samuel 2|1. Samuel 25|1. Samuel 28|1. Samuel 3|1. Samuel 4|1. Samuel 7|1. Samuel 8|1. Samuel 9|2. Chronik 35|Apostelgeschichte 13|Apostelgeschichte 3|Hebräer 11|Jeremia 15|Psalmen 99
Isaak;131;0.4;;2;52;1. Chronik 1|1. Chronik 16|1. Chronik 29|1. Könige 18|1. Mose 17|1. Mose 21|1. Mose 22|1. Mose 24|1. Mose 25|1. Mose 26|1. Mose 27|1. Mose 28|1. Mose 31|1. Mose 32|1. Mose 35|1. Mose 46|1. Mose 48|1. Mose 49|1. Mose 50|2. Chronik 30|2. Könige 13|2. Mose 2|2. Mose 3|2. Mose 32|2. Mose 33|2. Mose 4|2. Mose 6|3. Mose 26|4. Mose 32|5. Mose 1|5. Mose 29|5. Mose 30|5. Mose 34|5. Mose 6|5. Mose 9|Amos 7|Apostelgeschichte 3|Apostelgeschichte 7|Galater 4|Hebräer 11
Hiskia;131;0.21;;2;28;1. Chronik 3|1. Chronik 4|2. Chronik 28|2. Chronik 29|2. Chronik 30|2. Chronik 31|2. Chronik 32|2. Chronik 33|2. Könige 16|2. Könige 18|2. Könige 19|2. Könige 20|2. Könige 21|Esra 2|Hosea 1|Jeremia 15|Jeremia 26|Jesaja 1|Jesaja 36|Jesaja 37|Jesaja 38|Jesaja 39|Matthäus 1|Micha 1|Nehemia 10|Nehemia 7|Sprüche 25|Zephanja 1
Johannes;131;0.38;;2;50;Apostelgeschichte 1|Apostelgeschichte 10|Apostelgeschichte 11|Apostelgeschichte 12|Apostelgeschichte 13|Apostelgeschichte 15|Apostelgeschichte 18|Apostelgeschichte 19|Apostelgeschichte 3|Apostelgeschichte 4|Apostelgeschichte 8|Galater 2|Johannes 1|Johannes 10|Johannes 3|Johannes 4|Johannes 5|Lukas 1|Lukas 11|Lukas 16|Lukas 20|Lukas 22|Lukas 3|Lukas 5|Lukas 6|Lukas 7|Lukas 8|Lukas 9|Markus 1|Markus 10|Markus 11|Markus 13|Markus 14|Markus 2|Markus 3|Markus 5|Markus 6|Markus 8|Markus 9|Matthäus 10
Gilead;130;0.46;;2;60;1. Chronik 10|1. Chronik 2|1. Chronik 26|1. Chronik 27|1. Chronik 5|1. Chronik 6|1. Chronik 7|1. Könige 22|1. Könige 4|1. Mose 31|1. Mose 37|1. Samuel 11|1. Samuel 13|1. Samuel 31|2. Chronik 18|2. Chronik 22|2. Könige 10|2. Könige 15|2. Könige 8|2. Könige 9|2. Samuel 17|2. Samuel 2|2. Samuel 21|2. Samuel 24|4. Mose 26|4. Mose 27|4. Mose 32|4. Mose 36|5. Mose 2|5. Mose 3|5. Mose 34|5. Mose 4|Amos 1|Hesekiel 47|Hohelied 4|Hohelied 6|Hosea 12|Hosea 6|Jeremia 22|Jeremia 46
Christi;129;0.55;;2;71;1. Johannes 1|1. Korinther 1|1. Korinther 10|1. Korinther 11|1. Korinther 12|1. Korinther 2|1. Korinther 3|1. Korinther 4|1. Korinther 6|1. Korinther 7|1. Korinther 9|1. Petrus 1|1. Petrus 3|1. Petrus 4|1. Petrus 5|1. Thessalonicher 2|1. Timotheus 1|1. Timotheus 4|1. Timotheus 5|2. Johannes 1|2. Korinther 1|2. Korinther 10|2. Korinther 11|2. Korinther 12|2. Korinther 2|2. Korinther 3|2. Korinther 4|2. Korinther 5|2. Korinther 8|2. Korinther 9|2. Petrus 1|2. Thessalonicher 3|2. Timotheus 1|2. Timotheus 2|Apostelgeschichte 16|Apostelgeschichte 2|Apostelgeschichte 3|Apostelgeschichte 4|Apostelgeschichte 8|Epheser 1
Jonatan;123;0.25;;2;31;1. Chronik 10|1. Chronik 11|1. Chronik 2|1. Chronik 20|1. Chronik 27|1. Chronik 8|1. Chronik 9|1. Könige 1|1. Samuel 13|1. Samuel 14|1. Samuel 18|1. Samuel 19|1. Samuel 20|1. Samuel 21|1. Samuel 23|1. Samuel 31|2. Chronik 17|2. Samuel 1|2. Samuel 15|2. Samuel 17|2. Samuel 21|2. Samuel 23|2. Samuel 4|2. Samuel 9|Esra 10|Esra 8|Jeremia 37|Jeremia 38|Jeremia 40|Nehemia 12|Richter 18
Statt;121;0.63;;2;76;1. Chronik 1|1. Chronik 19|1. Chronik 29|1. Chronik 4|1. Chronik 5|1. Könige 11|1. Könige 14|1. Könige 15|1. Könige 16|1. Könige 19|1. Könige 2|1. Könige 22|1. Könige 3|1. Könige 5|1. Könige 8|1. Mose 30|1. Mose 36|1. Mose 50|2. Chronik 1|2. Chronik 12|2. Chronik 13|2. Chronik 17|2. Chronik 21|2. Chronik 22|2. Chronik 24|2. Chronik 26|2. Chronik 27|2. Chronik 28|2. Chronik 32|2. Chronik 33|2. Chronik 36|2. Chronik 6|2. Chronik 9|2. Korinther 5|2. Könige 1|2. Könige 10|2. Könige 12|2. Könige 13|2. Könige 14|2. Könige 15
Samaria;113;0.41;;2;46;1. Könige 13|1. Könige 16|1. Könige 18|1. Könige 20|1. Könige 21|1. Könige 22|2. Chronik 18|2. Chronik 22|2. Chronik 25|2. Chronik 28|2. Könige 1|2. Könige 10|2. Könige 13|2. Könige 14|2. Könige 15|2. Könige 17|2. Könige 18|2. Könige 2|2. Könige 21|2. Könige 23|2. Könige 3|2. Könige 5|2. Könige 6|2. Könige 7|Amos 3|Amos 4|Amos 6|Apostelgeschichte 1|Apostelgeschichte 8|Apostelgeschichte 9|Esra 4|Hesekiel 16|Hesekiel 23|Hosea 14|Hosea 8|Jeremia 23|Jeremia 41|Jesaja 10|Jesaja 36|Jesaja 7
Absalom;107;0.13;;2;14;1. Chronik 3|1. Könige 1|1. Könige 2|2. Chronik 11|2. Samuel 13|2. Samuel 14|2. Samuel 15|2. Samuel 16|2. Samuel 17|2. Samuel 18|2. Samuel 19|2. Samuel 20|2. Samuel 3|Psalmen 3
Jerobeam;103;0.25;;2;26;1. Chronik 27|1. Chronik 5|1. Könige 11|1. Könige 12|1. Könige 13|1. Könige 14|1. Könige 15|1. Könige 16|1. Könige 21|1. Könige 22|2. Chronik 10|2. Chronik 11|2. Chronik 12|2. Chronik 13|2. Chronik 9|2. Könige 10|2. Könige 13|2. Könige 14|2. Könige 15|2. Könige 17|2. Könige 23|2. Könige 3|2. Könige 9|Amos 1|Amos 7|Hosea 1
Ägyptenland;102;0.56;;2;57;1. Könige 12|1. Könige 9|1. Mose 13|1. Mose 41|1. Mose 45|1. Mose 47|1. Mose 50|1. Samuel 12|2. Chronik 20|2. Chronik 6|2. Chronik 7|2. Könige 17|2. Mose 10|2. Mose 12|2. Mose 20|2. Mose 22|2. Mose 23|2. Mose 7|2. Mose 8|2. Mose 9|3. Mose 11|3. Mose 25|4. Mose 33|5. Mose 10|5. Mose 13|5. Mose 15|5. Mose 16|5. Mose 29|5. Mose 34|5. Mose 5|5. Mose 8|5. Mose 9|Amos 3|Daniel 11|Hebräer 8|Hesekiel 19|Hesekiel 20|Hesekiel 23|Hesekiel 29|Hesekiel 30
Esau;102;0.17;;2;17;1. Chronik 1|1. Mose 25|1. Mose 26|1. Mose 27|1. Mose 28|1. Mose 32|1. Mose 33|1. Mose 35|1. Mose 36|5. Mose 2|Hebräer 11|Hebräer 12|Jeremia 49|Josua 24|Maleachi 1|Obadja 1|Römer 9
Elia;99;0.26;;2;26;1. Könige 17|1. Könige 18|1. Könige 19|1. Könige 21|2. Chronik 21|2. Könige 1|2. Könige 10|2. Könige 2|2. Könige 3|2. Könige 9|Esra 10|Jakobus 5|Johannes 1|Lukas 1|Lukas 4|Lukas 9|Maleachi 3|Markus 15|Markus 6|Markus 8|Markus 9|Matthäus 11|Matthäus 16|Matthäus 17|Matthäus 27|Römer 11
Menschensohn;97;0.47;;2;46;Daniel 7|Daniel 8|Hesekiel 11|Hesekiel 12|Hesekiel 13|Hesekiel 14|Hesekiel 15|Hesekiel 16|Hesekiel 17|Hesekiel 2|Hesekiel 20|Hesekiel 21|Hesekiel 22|Hesekiel 23|Hesekiel 24|Hesekiel 25|Hesekiel 26|Hesekiel 27|Hesekiel 28|Hesekiel 29|Hesekiel 3|Hesekiel 30|Hesekiel 31|Hesekiel 32|Hesekiel 33|Hesekiel 34|Hesekiel 35|Hesekiel 36|Hesekiel 37|Hesekiel 38|Hesekiel 39|Hesekiel 4|Hesekiel 40|Hesekiel 43|Hesekiel 44|Hesekiel 47|Hesekiel 5|Hesekiel 6|Hesekiel 7|Hesekiel 8
Moab;96;0.39;;2;37;1. Chronik 1|1. Chronik 11|1. Chronik 4|1. Chronik 8|1. Mose 19|2. Könige 24|2. Könige 3|2. Mose 15|2. Samuel 23|2. Samuel 8|4. Mose 21|4. Mose 22|4. Mose 24|4. Mose 26|4. Mose 33|5. Mose 2|5. Mose 34|Amos 2|Daniel 11|Hesekiel 25|Jeremia 25|Jeremia 27|Jeremia 40|Jeremia 48|Jesaja 11|Jesaja 15|Jesaja 16|Jesaja 25|Josua 13|Nehemia 13|Psalmen 108|Psalmen 60|Psalmen 83|Richter 3|Ruth 1|Ruth 4|Zephanja 2
Ammon;93;0.39;;2;36;1. Chronik 18|1. Chronik 19|1. Chronik 20|1. Könige 11|1. Mose 19|2. Chronik 27|2. Könige 23|2. Könige 24|2. Samuel 10|2. Samuel 11|2. Samuel 12|2. Samuel 17|2. Samuel 8|4. Mose 21|5. Mose 2|5. Mose 3|Amos 1|Daniel 11|Hesekiel 21|Hesekiel 25|Jeremia 25|Jeremia 27|Jeremia 40|Jeremia 41|Jeremia 49|Jesaja 11|Josua 12|Josua 13|Nehemia 13|Nehemia 7|Psalmen 83|Richter 10|Richter 11|Richter 12|Richter 3|Zephanja 2
Ahab;90;0.19;;2;17;1. Könige 16|1. Könige 17|1. Könige 18|1. Könige 19|1. Könige 20|1. Könige 21|1. Könige 22|2. Chronik 18|2. Chronik 21|2. Chronik 22|2. Könige 1|2. Könige 10|2. Könige 21|2. Könige 3|2. Könige 8|2. Könige 9|Micha 6
Friede;89;0.74;;2;66;1. Chronik 12|1. Korinther 1|1. Könige 5|1. Mose 43|1. Petrus 1|1. Petrus 5|1. Samuel 25|1. Samuel 7|1. Thessalonicher 1|1. Thessalonicher 5|1. Timotheus 1|2. Johannes 1|2. Korinther 1|2. Könige 20|2. Könige 9|2. Petrus 1|2. Samuel 18|2. Thessalonicher 1|2. Timotheus 1|3. Johannes 1|Daniel 10|Daniel 6|Epheser 1|Epheser 2|Epheser 6|Galater 1|Galater 5|Hesekiel 13|Jeremia 23|Jeremia 30|Jeremia 6|Jeremia 8|Jesaja 32|Jesaja 39|Jesaja 48|Jesaja 54|Jesaja 57|Johannes 20|Judas 1|Kolosser 1
Nebukadnezar;89;0.42;;2;37;1. Chronik 5|2. Chronik 36|2. Könige 24|2. Könige 25|Daniel 1|Daniel 2|Daniel 3|Daniel 4|Daniel 5|Esra 1|Esra 2|Esra 5|Esra 6|Esther 2|Hesekiel 26|Hesekiel 29|Hesekiel 30|Jeremia 21|Jeremia 22|Jeremia 24|Jeremia 25|Jeremia 27|Jeremia 28|Jeremia 29|Jeremia 32|Jeremia 34|Jeremia 35|Jeremia 37|Jeremia 39|Jeremia 43|Jeremia 44|Jeremia 46|Jeremia 49|Jeremia 50|Jeremia 51|Jeremia 52|Nehemia 7
Kanaan;87;0.6;;2;52;1. Chronik 1|1. Chronik 16|1. Mose 10|1. Mose 11|1. Mose 12|1. Mose 13|1. Mose 16|1. Mose 17|1. Mose 23|1. Mose 28|1. Mose 31|1. Mose 33|1. Mose 35|1. Mose 36|1. Mose 37|1. Mose 42|1. Mose 44|1. Mose 45|1. Mose 46|1. Mose 47|1. Mose 48|1. Mose 49|1. Mose 50|1. Mose 9|2. Mose 15|2. Mose 16|2. Mose 6|3. Mose 14|3. Mose 18|3. Mose 25|4. Mose 13|4. Mose 26|4. Mose 32|4. Mose 33|4. Mose 34|4. Mose 35|5. Mose 32|Apostelgeschichte 13|Apostelgeschichte 7|Jesaja 19
Josaphat;87;0.25;;2;22;1. Chronik 11|1. Chronik 15|1. Chronik 18|1. Chronik 3|1. Könige 15|1. Könige 22|1. Könige 4|2. Chronik 17|2. Chronik 18|2. Chronik 19|2. Chronik 20|2. Chronik 21|2. Chronik 22|2. Könige 1|2. Könige 12|2. Könige 3|2. Könige 8|2. Könige 9|2. Samuel 20|2. Samuel 8|Joel 4|Matthäus 1
Daniel;81;0.2;;2;16;1. Chronik 3|Daniel 1|Daniel 10|Daniel 12|Daniel 2|Daniel 4|Daniel 5|Daniel 6|Daniel 7|Daniel 8|Daniel 9|Esra 8|Hesekiel 14|Hesekiel 28|Matthäus 24|Nehemia 10
Assyrien;77;0.27;;2;21;1. Mose 25|2. Chronik 28|2. Chronik 32|2. Chronik 33|2. Könige 15|2. Könige 16|2. Könige 17|2. Könige 18|2. Könige 19|2. Könige 20|2. Könige 23|Esra 4|Esra 6|Hesekiel 16|Hosea 9|Jeremia 2|Jesaja 11|Jesaja 19|Jesaja 36|Jesaja 37|Nehemia 9
Simon;77;0.42;;2;32;Apostelgeschichte 1|Apostelgeschichte 10|Apostelgeschichte 11|Apostelgeschichte 15|Apostelgeschichte 8|Apostelgeschichte 9|Johannes 1|Johannes 12|Johannes 13|Johannes 18|Johannes 20|Johannes 21|Johannes 6|Lukas 22|Lukas 23|Lukas 24|Lukas 4|Lukas 5|Lukas 6|Lukas 7|Markus 1|Markus 14|Markus 15|Markus 3|Markus 6|Matthäus 10|Matthäus 13|Matthäus 16|Matthäus 17|Matthäus 26|Matthäus 27|Matthäus 4
Hebron;72;0.47;;2;34;1. Chronik 11|1. Chronik 12|1. Chronik 15|1. Chronik 2|1. Chronik 23|1. Chronik 24|1. Chronik 29|1. Chronik 3|1. Chronik 5|1. Chronik 6|1. Könige 2|1. Mose 13|1. Mose 23|1. Mose 35|1. Mose 37|1. Samuel 30|2. Chronik 11|2. Mose 6|2. Samuel 15|2. Samuel 2|2. Samuel 3|2. Samuel 4|2. Samuel 5|4. Mose 13|4. Mose 3|Josua 10|Josua 11|Josua 12|Josua 14|Josua 15|Josua 20|Josua 21|Richter 1|Richter 16
Levi;72;0.65;;2;47;1. Chronik 12|1. Chronik 15|1. Chronik 2|1. Chronik 21|1. Chronik 23|1. Chronik 24|1. Chronik 5|1. Chronik 6|1. Chronik 9|1. Könige 12|1. Mose 29|1. Mose 34|1. Mose 35|1. Mose 46|1. Mose 49|2. Mose 1|2. Mose 2|2. Mose 32|2. Mose 6|4. Mose 1|4. Mose 16|4. Mose 17|4. Mose 18|4. Mose 26|4. Mose 3|5. Mose 10|5. Mose 18|5. Mose 21|5. Mose 27|5. Mose 31|5. Mose 33|Esra 8|Hebräer 7|Hesekiel 40|Hesekiel 48|Josua 13|Josua 21|Lukas 3|Lukas 5|Maleachi 2
Eleasar;72;0.47;;2;34;1. Chronik 11|1. Chronik 23|1. Chronik 24|1. Chronik 5|1. Chronik 6|1. Chronik 9|1. Samuel 7|2. Mose 28|2. Mose 6|2. Samuel 23|3. Mose 10|4. Mose 17|4. Mose 19|4. Mose 20|4. Mose 25|4. Mose 26|4. Mose 27|4. Mose 3|4. Mose 31|4. Mose 32|4. Mose 34|4. Mose 4|5. Mose 10|Esra 10|Esra 7|Esra 8|Josua 14|Josua 17|Josua 19|Josua 21|Josua 22|Josua 24|Nehemia 12|Richter 20
Bethel;71;0.52;;2;37;1. Chronik 7|1. Könige 12|1. Könige 13|1. Könige 16|1. Mose 12|1. Mose 13|1. Mose 31|1. Mose 35|1. Samuel 10|1. Samuel 13|1. Samuel 30|1. Samuel 7|2. Chronik 13|2. Könige 10|2. Könige 17|2. Könige 2|2. Könige 23|Amos 3|Amos 4|Amos 5|Amos 7|Esra 2|Hosea 10|Hosea 12|Jeremia 48|Josua 12|Josua 16|Josua 18|Josua 7|Josua 8|Nehemia 11|Nehemia 7|Richter 1|Richter 20|Richter 21|Richter 4|Sacharja 7
Edom;70;0.56;;2;39;1. Chronik 1|1. Chronik 18|1. Könige 11|1. Könige 22|1. Mose 25|1. Mose 32|1. Mose 36|2. Chronik 8|2. Könige 16|2. Könige 3|2. Mose 15|2. Samuel 8|4. Mose 24|4. Mose 33|4. Mose 34|Amos 1|Amos 2|Amos 9|Daniel 11|Hesekiel 25|Hesekiel 32|Hesekiel 35|Hesekiel 36|Jeremia 25|Jeremia 27|Jeremia 40|Jeremia 49|Jesaja 11|Jesaja 34|Jesaja 63|Joel 4|Klagelieder 4|Maleachi 1|Obadja 1|Psalmen 108|Psalmen 137|Psalmen 60|Psalmen 83|Richter 5
Sichem;68;0.32;;2;22;1. Chronik 6|1. Chronik 7|1. Könige 12|1. Mose 12|1. Mose 33|1. Mose 34|1. Mose 35|1. Mose 37|2. Chronik 10|4. Mose 26|Apostelgeschichte 7|Hosea 6|Jeremia 41|Josua 17|Josua 20|Josua 21|Josua 24|Psalmen 108|Psalmen 60|Richter 21|Richter 8|Richter 9
Ruben;68;0.5;;2;34;1. Chronik 2|1. Chronik 5|1. Chronik 6|1. Mose 29|1. Mose 30|1. Mose 35|1. Mose 37|1. Mose 42|1. Mose 46|1. Mose 48|1. Mose 49|2. Mose 1|2. Mose 6|4. Mose 1|4. Mose 10|4. Mose 13|4. Mose 16|4. Mose 2|4. Mose 26|4. Mose 32|4. Mose 34|4. Mose 7|5. Mose 11|5. Mose 27|5. Mose 33|Hesekiel 48|Josua 13|Josua 15|Josua 18|Josua 20|Josua 21|Josua 22|Offenbarung 7|Richter 5
Purpur;68;0.4;;2;27;2. Chronik 2|2. Chronik 3|2. Mose 25|2. Mose 26|2. Mose 27|2. Mose 28|2. Mose 35|2. Mose 36|2. Mose 38|2. Mose 39|2. Samuel 1|4. Mose 15|4. Mose 4|Daniel 5|Esther 1|Esther 8|Hesekiel 23|Hesekiel 27|Hohelied 3|Hohelied 7|Jeremia 10|Jesaja 1|Lukas 16|Markus 15|Offenbarung 17|Offenbarung 18|Sprüche 31
Bileam;65;0.2;;2;13;1. Chronik 6|2. Petrus 2|4. Mose 22|4. Mose 23|4. Mose 24|4. Mose 31|5. Mose 23|Josua 13|Josua 24|Judas 1|Micha 6|Nehemia 13|Offenbarung 2
Abimelech;64;0.14;;2;9;1. Chronik 18|1. Mose 20|1. Mose 21|1. Mose 26|2. Samuel 11|Psalmen 34|Richter 10|Richter 8|Richter 9
Jericho;64;0.66;;2;42;1. Chronik 19|1. Chronik 6|1. Könige 16|2. Chronik 28|2. Könige 2|2. Könige 25|2. Samuel 10|4. Mose 22|4. Mose 26|4. Mose 31|4. Mose 33|4. Mose 34|4. Mose 35|4. Mose 36|5. Mose 32|5. Mose 34|Esra 2|Hebräer 11|Jeremia 39|Jeremia 52|Josua 10|Josua 12|Josua 13|Josua 16|Josua 18|Josua 2|Josua 20|Josua 24|Josua 3|Josua 4|Josua 5|Josua 6|Josua 7|Josua 8|Josua 9|Lukas 10|Lukas 18|Lukas 19|Markus 10|Matthäus 20
Abram;63;0.14;;2;9;1. Chronik 1|1. Mose 11|1. Mose 12|1. Mose 13|1. Mose 14|1. Mose 15|1. Mose 16|1. Mose 17|Nehemia 9
Abner;63;0.16;;2;10;1. Chronik 26|1. Chronik 27|1. Könige 2|1. Samuel 14|1. Samuel 17|1. Samuel 20|1. Samuel 26|2. Samuel 2|2. Samuel 3|2. Samuel 4
Zedekia;63;0.37;;2;23;1. Chronik 3|1. Könige 22|2. Chronik 18|2. Chronik 36|2. Könige 24|2. Könige 25|Jeremia 1|Jeremia 21|Jeremia 24|Jeremia 27|Jeremia 28|Jeremia 29|Jeremia 32|Jeremia 34|Jeremia 36|Jeremia 37|Jeremia 38|Jeremia 39|Jeremia 44|Jeremia 49|Jeremia 51|Jeremia 52|Nehemia 10
Mittag;62;0.87;ja;2;54;1. Chronik 9|1. Könige 18|1. Könige 20|1. Könige 7|1. Mose 28|1. Mose 43|2. Chronik 4|2. Könige 4|2. Mose 26|2. Mose 27|2. Mose 36|2. Mose 38|2. Mose 40|4. Mose 10|4. Mose 2|4. Mose 21|4. Mose 3|4. Mose 33|4. Mose 34|4. Mose 35|5. Mose 1|5. Mose 28|5. Mose 3|5. Mose 33|Amos 8|Apostelgeschichte 22|Hesekiel 21|Hesekiel 40|Hesekiel 42|Hesekiel 47|Hesekiel 48|Hiob 11|Hiob 5|Jeremia 15|Jeremia 6|Jesaja 16|Jesaja 43|Jesaja 58|Jesaja 59|Josua 11
Sühne;62;0.45;;2;28;1. Chronik 6|2. Chronik 29|2. Mose 29|2. Mose 30|2. Samuel 21|3. Mose 1|3. Mose 10|3. Mose 12|3. Mose 14|3. Mose 15|3. Mose 16|3. Mose 17|3. Mose 19|3. Mose 4|3. Mose 5|3. Mose 6|3. Mose 7|3. Mose 8|3. Mose 9|4. Mose 15|4. Mose 17|4. Mose 25|4. Mose 5|4. Mose 6|4. Mose 8|Hesekiel 43|Hesekiel 45|Nehemia 10
Syrien;62;0.56;;2;35;1. Chronik 18|1. Könige 10|1. Könige 11|1. Könige 15|1. Könige 19|1. Könige 20|1. Könige 22|2. Chronik 1|2. Chronik 16|2. Chronik 18|2. Chronik 20|2. Chronik 22|2. Chronik 28|2. Könige 12|2. Könige 13|2. Könige 15|2. Könige 16|2. Könige 24|2. Könige 5|2. Könige 6|2. Könige 8|2. Könige 9|2. Samuel 15|2. Samuel 8|4. Mose 23|Apostelgeschichte 15|Apostelgeschichte 18|Apostelgeschichte 20|Apostelgeschichte 21|Galater 1|Hesekiel 16|Jesaja 17|Jesaja 7|Lukas 2|Matthäus 4
Jesaja;62;0.55;;2;34;1. Chronik 25|1. Chronik 26|1. Chronik 3|2. Chronik 26|2. Chronik 32|2. Könige 19|2. Könige 20|Apostelgeschichte 28|Apostelgeschichte 8|Esra 8|Jesaja 1|Jesaja 13|Jesaja 2|Jesaja 20|Jesaja 37|Jesaja 38|Jesaja 39|Jesaja 7|Johannes 1|Johannes 12|Lukas 3|Lukas 4|Markus 1|Markus 7|Matthäus 12|Matthäus 13|Matthäus 15|Matthäus 3|Matthäus 4|Matthäus 8|Nehemia 11|Römer 10|Römer 15|Römer 9
Basan;61;0.56;;2;34;1. Chronik 5|1. Chronik 6|1. Könige 4|2. Könige 10|4. Mose 21|4. Mose 32|5. Mose 1|5. Mose 29|5. Mose 3|5. Mose 32|5. Mose 33|5. Mose 4|Amos 4|Hesekiel 27|Hesekiel 39|Jeremia 22|Jeremia 50|Jesaja 2|Jesaja 33|Josua 12|Josua 13|Josua 17|Josua 20|Josua 21|Josua 22|Josua 9|Micha 7|Nahum 1|Nehemia 9|Psalmen 135|Psalmen 136|Psalmen 22|Psalmen 68|Sacharja 11
Hiob;61;0.39;;2;24;Hesekiel 14|Hiob 1|Hiob 12|Hiob 16|Hiob 19|Hiob 2|Hiob 21|Hiob 23|Hiob 26|Hiob 27|Hiob 29|Hiob 3|Hiob 31|Hiob 32|Hiob 33|Hiob 34|Hiob 35|Hiob 37|Hiob 38|Hiob 40|Hiob 42|Hiob 6|Hiob 9|Jakobus 5
Galiläa;60;0.65;;2;39;1. Chronik 6|1. Könige 9|2. Könige 15|Apostelgeschichte 1|Apostelgeschichte 10|Apostelgeschichte 13|Apostelgeschichte 9|Jesaja 8|Johannes 1|Johannes 12|Johannes 2|Johannes 21|Johannes 4|Johannes 7|Josua 20|Josua 21|Lukas 1|Lukas 17|Lukas 2|Lukas 23|Lukas 24|Lukas 3|Lukas 4|Lukas 5|Lukas 8|Markus 1|Markus 14|Markus 15|Markus 16|Markus 3|Markus 9|Matthäus 17|Matthäus 19|Matthäus 21|Matthäus 26|Matthäus 27|Matthäus 28|Matthäus 3|Matthäus 4
Elisa;60;0.18;;2;11;1. Könige 19|2. Könige 13|2. Könige 2|2. Könige 3|2. Könige 4|2. Könige 5|2. Könige 6|2. Könige 7|2. Könige 8|2. Könige 9|Lukas 4
Treue;59;0.85;ja;2;50;1. Mose 24|1. Mose 32|1. Mose 47|1. Samuel 26|1. Timotheus 5|2. Chronik 32|2. Mose 34|2. Samuel 15|2. Samuel 2|5. Mose 32|Galater 5|Hosea 2|Hosea 4|Jeremia 3|Jeremia 33|Jesaja 26|Jesaja 38|Jesaja 43|Jesaja 59|Josua 2|Klagelieder 3|Nehemia 9|Offenbarung 19|Psalmen 100|Psalmen 108|Psalmen 111|Psalmen 115|Psalmen 117|Psalmen 119|Psalmen 138|Psalmen 143|Psalmen 146|Psalmen 30|Psalmen 33|Psalmen 36|Psalmen 37|Psalmen 54|Psalmen 60|Psalmen 61|Psalmen 71
Jehu;59;0.27;;2;16;1. Chronik 12|1. Chronik 2|1. Chronik 4|1. Könige 16|1. Könige 19|2. Chronik 19|2. Chronik 20|2. Chronik 22|2. Chronik 25|2. Könige 10|2. Könige 12|2. Könige 13|2. Könige 14|2. Könige 15|2. Könige 9|Hosea 1
Mardochai;58;0.16;;2;9;Esther 10|Esther 2|Esther 3|Esther 4|Esther 5|Esther 6|Esther 7|Esther 8|Esther 9
Damaskus;57;0.56;;2;32;1. Chronik 18|1. Könige 11|1. Könige 15|1. Könige 19|1. Könige 20|1. Mose 14|1. Mose 15|2. Chronik 16|2. Chronik 24|2. Chronik 28|2. Korinther 11|2. Könige 14|2. Könige 16|2. Könige 5|2. Könige 8|2. Samuel 8|Amos 1|Amos 5|Apostelgeschichte 22|Apostelgeschichte 26|Apostelgeschichte 9|Galater 1|Hesekiel 27|Hesekiel 47|Hesekiel 48|Hohelied 7|Jeremia 49|Jesaja 10|Jesaja 17|Jesaja 7|Jesaja 8|Sacharja 9
Tyrus;57;0.58;;2;33;1. Chronik 14|1. Chronik 22|1. Könige 5|1. Könige 7|1. Könige 9|2. Chronik 2|2. Samuel 24|2. Samuel 5|Amos 1|Apostelgeschichte 12|Apostelgeschichte 21|Esra 3|Hesekiel 26|Hesekiel 27|Hesekiel 28|Hesekiel 29|Hosea 9|Jeremia 25|Jeremia 27|Jeremia 47|Jesaja 23|Joel 4|Josua 19|Lukas 10|Lukas 6|Markus 3|Markus 7|Matthäus 11|Matthäus 15|Psalmen 45|Psalmen 83|Psalmen 87|Sacharja 9
Jojada;56;0.34;;2;19;1. Chronik 11|1. Chronik 12|1. Chronik 18|1. Chronik 27|1. Könige 1|1. Könige 2|1. Könige 4|2. Chronik 22|2. Chronik 23|2. Chronik 24|2. Könige 11|2. Könige 12|2. Samuel 20|2. Samuel 23|2. Samuel 8|Jeremia 29|Nehemia 12|Nehemia 13|Nehemia 3
Esther;56;0.12;;2;7;Esther 2|Esther 4|Esther 5|Esther 6|Esther 7|Esther 8|Esther 9
Honig;55;0.78;ja;2;43;1. Könige 14|1. Mose 43|1. Samuel 14|2. Chronik 31|2. Könige 18|2. Mose 13|2. Mose 3|2. Mose 33|2. Samuel 17|3. Mose 2|3. Mose 20|4. Mose 13|4. Mose 14|4. Mose 16|5. Mose 11|5. Mose 26|5. Mose 27|5. Mose 31|5. Mose 32|5. Mose 6|5. Mose 8|Hesekiel 16|Hesekiel 20|Hesekiel 27|Hesekiel 3|Hiob 20|Hohelied 4|Hohelied 5|Jeremia 11|Jeremia 32|Jeremia 41|Jesaja 7|Josua 5|Markus 1|Matthäus 3|Offenbarung 10|Psalmen 119|Psalmen 19|Psalmen 81|Richter 14
Gaben;55;0.71;;2;39;1. Chronik 16|1. Chronik 18|1. Korinther 12|1. Könige 5|2. Chronik 31|2. Chronik 35|2. Mose 25|2. Mose 28|2. Mose 35|2. Mose 36|3. Mose 22|3. Mose 23|4. Mose 15|4. Mose 18|5. Mose 10|Amos 4|Daniel 2|Daniel 5|Epheser 4|Esra 1|Esra 2|Esther 2|Hebräer 10|Hebräer 11|Hebräer 5|Hebräer 8|Hebräer 9|Hesekiel 20|Jeremia 31|Jesaja 45|Lukas 11|Lukas 21|Matthäus 2|Matthäus 7|Psalmen 40|Psalmen 68|Psalmen 72|Psalmen 96|Römer 12
Lügen;55;0.71;;2;39;Amos 2|Daniel 11|Hesekiel 13|Hesekiel 21|Hesekiel 22|Hiob 15|Hiob 24|Hiob 31|Hiob 36|Hosea 12|Hosea 4|Hosea 7|Jeremia 13|Jeremia 14|Jeremia 23|Jeremia 27|Jeremia 28|Jeremia 29|Jeremia 40|Jeremia 6|Jeremia 8|Jeremia 9|Jesaja 54|Jesaja 59|Jesaja 9|Micha 6|Psalmen 101|Psalmen 109|Psalmen 119|Psalmen 144|Psalmen 38|Psalmen 4|Psalmen 41|Psalmen 59|Psalmen 69|Richter 16|Sacharja 13|Sprüche 19|Sprüche 6
Josia;55;0.42;;2;23;1. Chronik 3|1. Könige 13|2. Chronik 33|2. Chronik 34|2. Chronik 35|2. Chronik 36|2. Könige 21|2. Könige 22|2. Könige 23|Jeremia 1|Jeremia 22|Jeremia 25|Jeremia 26|Jeremia 27|Jeremia 3|Jeremia 35|Jeremia 36|Jeremia 37|Jeremia 45|Jeremia 46|Matthäus 1|Sacharja 6|Zephanja 1
Pilatus;55;0.2;;2;11;1. Timotheus 6|Apostelgeschichte 13|Apostelgeschichte 3|Apostelgeschichte 4|Johannes 18|Johannes 19|Lukas 13|Lukas 23|Lukas 3|Markus 15|Matthäus 27
Jugend;54;0.78;ja;2;42;1. Könige 18|1. Mose 46|1. Mose 8|1. Samuel 12|1. Samuel 17|1. Timotheus 4|2. Samuel 19|3. Mose 22|4. Mose 11|Apostelgeschichte 26|Hesekiel 16|Hesekiel 23|Hesekiel 4|Hiob 13|Hiob 31|Hiob 33|Hiob 36|Hosea 2|Jeremia 22|Jeremia 3|Jeremia 31|Jeremia 32|Jeremia 48|Jesaja 47|Jesaja 54|Joel 1|Klagelieder 3|Lukas 18|Maleachi 2|Markus 10|Prediger 11|Prediger 12|Psalmen 129|Psalmen 144|Psalmen 25|Psalmen 71|Psalmen 88|Psalmen 89|Sacharja 13|Sprüche 2
Norden;54;0.8;ja;2;43;1. Chronik 26|1. Mose 13|Amos 8|Daniel 11|Daniel 8|Hesekiel 1|Hesekiel 21|Hesekiel 32|Hesekiel 38|Hesekiel 39|Hesekiel 40|Hesekiel 41|Hesekiel 42|Hesekiel 46|Hesekiel 48|Hesekiel 8|Hesekiel 9|Hiob 23|Hiob 26|Hiob 37|Jeremia 1|Jeremia 10|Jeremia 15|Jeremia 25|Jeremia 3|Jeremia 4|Jeremia 46|Jeremia 47|Jeremia 50|Jeremia 51|Jeremia 6|Jesaja 14|Jesaja 41|Joel 2|Josua 13|Offenbarung 21|Prediger 1|Prediger 11|Psalmen 89|Sacharja 14
Räucherwerk;54;0.54;;2;29;1. Samuel 2|2. Chronik 13|2. Chronik 16|2. Chronik 2|2. Chronik 29|2. Mose 25|2. Mose 30|2. Mose 31|2. Mose 35|2. Mose 37|2. Mose 39|2. Mose 40|3. Mose 10|3. Mose 16|4. Mose 16|4. Mose 17|4. Mose 4|4. Mose 7|5. Mose 33|Hesekiel 16|Hesekiel 20|Hesekiel 23|Jesaja 1|Maleachi 1|Offenbarung 18|Offenbarung 5|Offenbarung 8|Psalmen 141|Sprüche 27
Maria;54;0.37;;2;20;Apostelgeschichte 1|Apostelgeschichte 12|Johannes 11|Johannes 12|Johannes 19|Johannes 20|Lukas 1|Lukas 10|Lukas 2|Lukas 24|Lukas 8|Markus 15|Markus 16|Markus 6|Matthäus 1|Matthäus 13|Matthäus 2|Matthäus 27|Matthäus 28|Römer 16
Noah;53;0.36;;2;19;1. Chronik 1|1. Mose 10|1. Mose 5|1. Mose 6|1. Mose 7|1. Mose 8|1. Mose 9|1. Petrus 3|2. Petrus 2|4. Mose 26|4. Mose 27|4. Mose 36|Hebräer 11|Hesekiel 14|Jesaja 54|Josua 17|Lukas 17|Lukas 3|Matthäus 24
Zadok;53;0.58;;2;31;1. Chronik 12|1. Chronik 15|1. Chronik 16|1. Chronik 18|1. Chronik 24|1. Chronik 27|1. Chronik 29|1. Chronik 5|1. Chronik 6|1. Chronik 9|1. Könige 1|1. Könige 2|1. Könige 4|2. Chronik 27|2. Chronik 31|2. Könige 15|2. Samuel 15|2. Samuel 17|2. Samuel 18|2. Samuel 19|2. Samuel 20|2. Samuel 8|Esra 7|Hesekiel 40|Hesekiel 43|Hesekiel 44|Hesekiel 48|Nehemia 10|Nehemia 11|Nehemia 13|Nehemia 3
Haman;53;0.13;;2;7;Esther 3|Esther 4|Esther 5|Esther 6|Esther 7|Esther 8|Esther 9
Zungen;53;0.66;;2;35;1. Korinther 12|1. Korinther 14|Apostelgeschichte 10|Apostelgeschichte 19|Apostelgeschichte 2|Daniel 3|Daniel 5|Daniel 6|Daniel 7|Hesekiel 36|Jeremia 23|Jeremia 9|Jesaja 3|Jesaja 54|Jesaja 66|Markus 16|Micha 6|Offenbarung 10|Offenbarung 11|Offenbarung 13|Offenbarung 14|Offenbarung 16|Offenbarung 5|Offenbarung 7|Philipper 2|Psalmen 12|Psalmen 120|Psalmen 31|Psalmen 5|Psalmen 55|Psalmen 57|Psalmen 64|Psalmen 78|Römer 3|Sprüche 17
Laban;52;0.19;;2;10;1. Mose 24|1. Mose 25|1. Mose 27|1. Mose 28|1. Mose 29|1. Mose 30|1. Mose 31|1. Mose 32|1. Mose 46|5. Mose 1
Naphtali;52;0.75;;2;39;1. Chronik 12|1. Chronik 2|1. Chronik 27|1. Chronik 6|1. Chronik 7|1. Könige 15|1. Könige 4|1. Könige 7|1. Mose 30|1. Mose 35|1. Mose 46|1. Mose 49|2. Chronik 16|2. Chronik 34|2. Könige 15|2. Mose 1|4. Mose 1|4. Mose 10|4. Mose 13|4. Mose 2|4. Mose 26|4. Mose 34|4. Mose 7|5. Mose 27|5. Mose 33|5. Mose 34|Hesekiel 48|Jesaja 8|Josua 19|Josua 20|Josua 21|Matthäus 4|Offenbarung 7|Psalmen 68|Richter 1|Richter 4|Richter 5|Richter 6|Richter 7
Zeuge;52;0.69;;2;36;1. Mose 31|1. Petrus 5|1. Samuel 12|1. Samuel 20|1. Samuel 6|1. Thessalonicher 2|3. Mose 5|4. Mose 35|4. Mose 5|5. Mose 19|5. Mose 31|Apostelgeschichte 1|Apostelgeschichte 22|Hiob 16|Hosea 5|Hosea 7|Jeremia 29|Jeremia 42|Josua 22|Josua 24|Maleachi 2|Maleachi 3|Micha 1|Offenbarung 2|Offenbarung 3|Philipper 1|Psalmen 89|Richter 11|Römer 1|Sprüche 12|Sprüche 13|Sprüche 14|Sprüche 19|Sprüche 24|Sprüche 6|Zephanja 3
Rehabeam;52;0.21;;2;11;1. Chronik 3|1. Könige 11|1. Könige 12|1. Könige 14|1. Könige 15|2. Chronik 10|2. Chronik 11|2. Chronik 12|2. Chronik 13|2. Chronik 9|Matthäus 1
Mitternacht;51;0.86;ja;2;44;1. Chronik 9|1. Könige 7|1. Mose 28|2. Chronik 4|2. Mose 11|2. Mose 12|2. Mose 26|2. Mose 27|2. Mose 36|2. Mose 38|2. Mose 40|4. Mose 2|4. Mose 3|4. Mose 34|4. Mose 35|5. Mose 2|5. Mose 3|Apostelgeschichte 16|Apostelgeschichte 20|Apostelgeschichte 27|Hesekiel 26|Hesekiel 40|Hesekiel 42|Hesekiel 8|Hiob 37|Jeremia 13|Jeremia 16|Jeremia 50|Jesaja 14|Jesaja 43|Jesaja 49|Josua 11|Josua 15|Josua 17|Josua 18|Josua 19|Lukas 11|Lukas 13|Markus 13|Matthäus 25
Eisen;51;0.59;;2;30;1. Chronik 22|1. Chronik 29|1. Samuel 17|2. Chronik 2|2. Chronik 24|2. Könige 6|2. Mose 20|2. Samuel 23|3. Mose 26|4. Mose 31|5. Mose 19|5. Mose 27|5. Mose 33|5. Mose 8|Daniel 2|Daniel 4|Hesekiel 22|Hesekiel 27|Hiob 28|Hiob 41|Jeremia 15|Jeremia 6|Jesaja 10|Jesaja 60|Josua 22|Josua 8|Offenbarung 18|Prediger 10|Psalmen 107|Sprüche 27
Freuden;49;0.88;ja;2;43;1. Chronik 15|1. Chronik 29|1. Könige 1|1. Mose 31|1. Samuel 18|2. Chronik 20|2. Chronik 23|2. Chronik 29|2. Samuel 6|Apostelgeschichte 12|Apostelgeschichte 2|Apostelgeschichte 21|Esra 6|Esther 9|Hebräer 10|Hebräer 13|Jeremia 31|Jesaja 12|Jesaja 55|Jesaja 60|Judas 1|Kolosser 1|Kolosser 2|Lukas 10|Lukas 15|Lukas 16|Lukas 19|Lukas 24|Lukas 8|Markus 4|Matthäus 13|Nehemia 12|Philipper 1|Prediger 9|Psalmen 100|Psalmen 105|Psalmen 126|Psalmen 16|Psalmen 45|Psalmen 68
Semmelmehl;48;0.42;;2;20;1. Chronik 23|1. Könige 5|1. Mose 18|2. Könige 7|2. Mose 29|3. Mose 14|3. Mose 2|3. Mose 23|3. Mose 24|3. Mose 5|3. Mose 6|3. Mose 7|4. Mose 15|4. Mose 28|4. Mose 29|4. Mose 6|4. Mose 7|4. Mose 8|Hesekiel 46|Offenbarung 18
Simeon;48;0.69;;2;33;1. Chronik 12|1. Chronik 2|1. Chronik 4|1. Chronik 6|1. Mose 29|1. Mose 34|1. Mose 35|1. Mose 42|1. Mose 43|1. Mose 46|1. Mose 48|1. Mose 49|2. Chronik 15|2. Chronik 34|2. Mose 1|2. Mose 6|4. Mose 1|4. Mose 10|4. Mose 13|4. Mose 2|4. Mose 26|4. Mose 34|4. Mose 7|5. Mose 27|Apostelgeschichte 13|Esra 10|Hesekiel 48|Josua 19|Josua 21|Lukas 2|Lukas 3|Offenbarung 7|Richter 1
Assur;47;0.74;;2;35;1. Chronik 1|1. Chronik 5|1. Mose 10|1. Mose 2|4. Mose 24|Hesekiel 11|Hesekiel 27|Hesekiel 31|Hesekiel 32|Hosea 10|Hosea 11|Hosea 12|Hosea 14|Hosea 5|Hosea 8|Jeremia 2|Jeremia 28|Jeremia 50|Jesaja 10|Jesaja 11|Jesaja 14|Jesaja 19|Jesaja 23|Jesaja 27|Jesaja 31|Jesaja 36|Jesaja 7|Klagelieder 5|Micha 5|Micha 7|Nahum 3|Nehemia 10|Psalmen 83|Sacharja 10|Zephanja 2
Milch;47;0.87;ja;2;41;1. Korinther 3|1. Korinther 9|1. Mose 18|1. Mose 49|1. Petrus 2|2. Mose 13|2. Mose 23|2. Mose 3|2. Mose 33|2. Mose 34|3. Mose 20|4. Mose 13|4. Mose 14|4. Mose 16|5. Mose 11|5. Mose 14|5. Mose 26|5. Mose 27|5. Mose 31|5. Mose 32|5. Mose 6|Hebräer 5|Hesekiel 20|Hesekiel 25|Hiob 10|Hiob 20|Hiob 21|Hiob 29|Hohelied 4|Hohelied 5|Jeremia 11|Jeremia 32|Jesaja 28|Jesaja 55|Jesaja 60|Jesaja 7|Joel 4|Josua 5|Klagelieder 4|Richter 5
Rahel;47;0.23;;2;11;1. Mose 29|1. Mose 30|1. Mose 31|1. Mose 33|1. Mose 35|1. Mose 46|1. Mose 48|1. Samuel 10|Jeremia 31|Matthäus 2|Ruth 4
Sebulon;47;0.66;;2;31;1. Chronik 12|1. Chronik 2|1. Chronik 27|1. Chronik 6|1. Mose 30|1. Mose 35|1. Mose 46|1. Mose 49|2. Chronik 30|2. Mose 1|4. Mose 1|4. Mose 10|4. Mose 13|4. Mose 2|4. Mose 26|4. Mose 34|4. Mose 7|5. Mose 27|5. Mose 33|Hesekiel 48|Jesaja 8|Josua 19|Josua 21|Matthäus 4|Offenbarung 7|Psalmen 68|Richter 1|Richter 12|Richter 4|Richter 5|Richter 6
Sodom;46;0.5;;2;23;1. Mose 10|1. Mose 13|1. Mose 14|1. Mose 18|1. Mose 19|2. Petrus 2|5. Mose 29|5. Mose 32|Amos 4|Hesekiel 16|Jeremia 49|Jeremia 50|Jesaja 1|Jesaja 13|Judas 1|Klagelieder 4|Lukas 10|Lukas 17|Matthäus 10|Matthäus 11|Offenbarung 11|Römer 9|Zephanja 2
Ismael;46;0.26;;2;12;1. Chronik 1|1. Mose 16|1. Mose 17|1. Mose 25|1. Mose 28|1. Mose 36|2. Chronik 19|2. Chronik 23|2. Könige 25|Esra 10|Jeremia 40|Jeremia 41
Asser;46;0.65;;2;30;1. Chronik 12|1. Chronik 2|1. Chronik 6|1. Chronik 7|1. Könige 4|1. Mose 30|1. Mose 35|1. Mose 46|1. Mose 49|2. Chronik 30|2. Mose 1|4. Mose 1|4. Mose 10|4. Mose 13|4. Mose 2|4. Mose 26|4. Mose 34|4. Mose 7|5. Mose 27|5. Mose 33|Hesekiel 48|Josua 17|Josua 19|Josua 21|Lukas 2|Offenbarung 7|Richter 1|Richter 5|Richter 6|Richter 7
Simei;45;0.44;;2;20;1. Chronik 23|1. Chronik 25|1. Chronik 27|1. Chronik 4|1. Chronik 5|1. Chronik 6|1. Chronik 8|1. Könige 1|1. Könige 2|1. Könige 4|2. Chronik 29|2. Chronik 31|2. Mose 6|2. Samuel 16|2. Samuel 19|2. Samuel 21|4. Mose 3|Esra 10|Esther 2|Sacharja 12
Asaph;45;0.67;;2;30;1. Chronik 15|1. Chronik 16|1. Chronik 25|1. Chronik 26|1. Chronik 6|1. Chronik 9|2. Chronik 20|2. Chronik 29|2. Chronik 35|2. Chronik 5|2. Könige 18|Esra 2|Esra 3|Jesaja 36|Nehemia 11|Nehemia 12|Nehemia 2|Nehemia 7|Psalmen 50|Psalmen 73|Psalmen 74|Psalmen 75|Psalmen 76|Psalmen 77|Psalmen 78|Psalmen 79|Psalmen 80|Psalmen 81|Psalmen 82|Psalmen 83
Baumwolle;44;0.36;;2;16;1. Chronik 15|2. Chronik 2|2. Chronik 3|2. Chronik 5|2. Mose 25|2. Mose 26|2. Mose 27|2. Mose 28|2. Mose 35|2. Mose 36|2. Mose 38|2. Mose 39|Esther 1|Esther 8|Hesekiel 16|Hesekiel 27
Balak;44;0.16;;2;7;4. Mose 22|4. Mose 23|4. Mose 24|Josua 24|Micha 6|Offenbarung 2|Richter 11
Issaschar;43;0.7;;2;30;1. Chronik 12|1. Chronik 2|1. Chronik 26|1. Chronik 27|1. Chronik 6|1. Chronik 7|1. Könige 15|1. Könige 4|1. Mose 30|1. Mose 35|1. Mose 46|1. Mose 49|2. Chronik 30|2. Mose 1|4. Mose 1|4. Mose 10|4. Mose 13|4. Mose 2|4. Mose 26|4. Mose 34|4. Mose 7|5. Mose 27|5. Mose 33|Hesekiel 48|Josua 17|Josua 19|Josua 21|Offenbarung 7|Richter 10|Richter 5
Herodes;43;0.33;;2;14;Apostelgeschichte 12|Apostelgeschichte 13|Apostelgeschichte 23|Apostelgeschichte 4|Lukas 1|Lukas 13|Lukas 23|Lukas 3|Lukas 8|Lukas 9|Markus 6|Markus 8|Matthäus 14|Matthäus 2
Mizpa;42;0.36;;2;15;1. Könige 15|1. Mose 31|1. Samuel 10|1. Samuel 7|2. Chronik 16|2. Könige 25|Hosea 5|Jeremia 40|Jeremia 41|Josua 11|Nehemia 3|Richter 10|Richter 11|Richter 20|Richter 21
Gibea;42;0.48;;2;20;1. Chronik 11|1. Chronik 2|1. Samuel 10|1. Samuel 11|1. Samuel 14|1. Samuel 15|1. Samuel 22|1. Samuel 23|1. Samuel 26|2. Chronik 13|2. Samuel 21|2. Samuel 23|Hosea 10|Hosea 5|Hosea 9|Jesaja 10|Josua 15|Josua 24|Richter 19|Richter 20
Isai;42;0.4;;2;17;1. Chronik 10|1. Chronik 12|1. Chronik 2|1. Chronik 29|1. Könige 12|1. Samuel 16|1. Samuel 17|1. Samuel 20|1. Samuel 22|1. Samuel 25|2. Chronik 10|2. Chronik 11|2. Samuel 20|2. Samuel 23|Jesaja 11|Psalmen 72|Ruth 4
Benaja;42;0.38;;2;16;1. Chronik 11|1. Chronik 15|1. Chronik 16|1. Chronik 18|1. Chronik 27|1. Chronik 4|1. Könige 1|1. Könige 2|1. Könige 4|2. Chronik 20|2. Chronik 31|2. Samuel 20|2. Samuel 23|2. Samuel 8|Esra 10|Hesekiel 11
Gideon;41;0.1;;2;4;Hebräer 11|Richter 6|Richter 7|Richter 8
Natan;41;0.41;;2;17;1. Chronik 11|1. Chronik 14|1. Chronik 17|1. Chronik 2|1. Chronik 29|1. Chronik 3|1. Könige 1|1. Könige 4|2. Chronik 29|2. Chronik 9|2. Samuel 12|2. Samuel 23|2. Samuel 5|2. Samuel 7|Esra 10|Esra 8|Sacharja 12
Gilgal;40;0.6;;2;24;1. Samuel 10|1. Samuel 11|1. Samuel 13|1. Samuel 15|1. Samuel 7|2. Könige 2|2. Könige 4|2. Samuel 19|5. Mose 11|Amos 4|Amos 5|Hosea 12|Hosea 4|Hosea 9|Josua 10|Josua 12|Josua 14|Josua 15|Josua 4|Josua 5|Josua 9|Micha 6|Richter 2|Richter 3
Ahas;40;0.42;;2;17;1. Chronik 3|2. Chronik 27|2. Chronik 28|2. Chronik 29|2. Könige 15|2. Könige 16|2. Könige 17|2. Könige 18|2. Könige 20|2. Könige 23|Hosea 1|Jesaja 1|Jesaja 14|Jesaja 38|Jesaja 7|Matthäus 1|Micha 1
Judäa;40;0.88;ja;2;35;1. Thessalonicher 2|2. Korinther 1|Apostelgeschichte 1|Apostelgeschichte 10|Apostelgeschichte 11|Apostelgeschichte 12|Apostelgeschichte 15|Apostelgeschichte 2|Apostelgeschichte 21|Apostelgeschichte 28|Apostelgeschichte 8|Apostelgeschichte 9|Galater 1|Hesekiel 21|Johannes 11|Johannes 3|Johannes 4|Johannes 7|Lukas 1|Lukas 2|Lukas 21|Lukas 23|Lukas 3|Lukas 4|Lukas 5|Lukas 6|Lukas 7|Markus 10|Markus 3|Matthäus 19|Matthäus 2|Matthäus 24|Matthäus 3|Matthäus 4|Römer 15
Sinai;39;0.56;;2;22;2. Mose 16|2. Mose 19|2. Mose 24|2. Mose 31|2. Mose 34|3. Mose 25|3. Mose 26|3. Mose 27|3. Mose 7|4. Mose 1|4. Mose 10|4. Mose 26|4. Mose 28|4. Mose 3|4. Mose 33|4. Mose 9|5. Mose 33|Apostelgeschichte 7|Galater 4|Nehemia 9|Psalmen 68|Richter 5
Micha;39;0.36;;2;14;1. Chronik 23|1. Chronik 24|1. Chronik 5|1. Chronik 8|1. Chronik 9|2. Chronik 18|2. Chronik 34|2. Samuel 9|Jeremia 26|Micha 1|Nehemia 10|Nehemia 11|Richter 17|Richter 18
Steinen;38;0.84;ja;2;32;1. Könige 12|1. Könige 18|1. Könige 19|1. Könige 6|1. Könige 7|1. Mose 28|2. Chronik 10|2. Chronik 26|2. Chronik 3|2. Könige 3|2. Mose 20|2. Mose 28|2. Mose 39|2. Samuel 16|5. Mose 27|5. Mose 28|Esra 5|Hesekiel 28|Hesekiel 40|Hiob 22|Hiob 28|Hiob 5|Jeremia 43|Jesaja 14|Jesaja 5|Jesaja 54|Josua 8|Lukas 21|Lukas 3|Markus 5|Matthäus 3|Sacharja 5
Bethlehem;38;0.58;;2;22;1. Chronik 11|1. Chronik 2|1. Chronik 4|1. Mose 35|1. Mose 48|1. Samuel 16|1. Samuel 17|1. Samuel 20|2. Chronik 11|2. Samuel 2|2. Samuel 23|Esra 2|Jeremia 41|Johannes 7|Josua 19|Lukas 2|Matthäus 2|Nehemia 7|Richter 12|Ruth 1|Ruth 2|Ruth 4
Hesbon;38;0.5;;2;19;1. Chronik 6|4. Mose 21|4. Mose 32|5. Mose 1|5. Mose 2|5. Mose 29|5. Mose 3|5. Mose 4|Hohelied 7|Jeremia 48|Jeremia 49|Jesaja 15|Jesaja 16|Josua 12|Josua 13|Josua 21|Josua 9|Nehemia 9|Richter 11
Simson;38;0.13;;2;5;Hebräer 11|Richter 13|Richter 14|Richter 15|Richter 16
Amazia;38;0.21;;2;8;2. Chronik 24|2. Chronik 25|2. Chronik 26|2. Könige 12|2. Könige 13|2. Könige 14|2. Könige 15|Amos 7
Korah;37;0.57;;2;21;1. Chronik 1|1. Chronik 2|1. Chronik 6|1. Chronik 9|1. Mose 36|2. Mose 6|4. Mose 16|4. Mose 17|4. Mose 26|4. Mose 27|Psalmen 42|Psalmen 44|Psalmen 45|Psalmen 46|Psalmen 47|Psalmen 48|Psalmen 49|Psalmen 84|Psalmen 85|Psalmen 87|Psalmen 88
Gibeon;37;0.57;;2;21;1. Chronik 14|1. Chronik 16|1. Chronik 21|1. Chronik 8|1. Chronik 9|1. Könige 3|1. Könige 9|2. Chronik 1|2. Samuel 2|2. Samuel 20|2. Samuel 3|Jeremia 28|Jeremia 41|Jesaja 28|Josua 10|Josua 11|Josua 18|Josua 21|Josua 9|Nehemia 3|Nehemia 7
Silo;37;0.59;;2;22;1. Könige 11|1. Könige 12|1. Könige 14|1. Könige 15|1. Könige 2|1. Samuel 1|1. Samuel 14|1. Samuel 2|1. Samuel 3|1. Samuel 4|2. Chronik 10|2. Chronik 9|Jeremia 26|Jeremia 41|Jeremia 7|Josua 18|Josua 19|Josua 21|Josua 22|Psalmen 78|Richter 18|Richter 21
Rama;37;0.7;;2;26;1. Chronik 1|1. Könige 15|1. Samuel 1|1. Samuel 15|1. Samuel 16|1. Samuel 19|1. Samuel 2|1. Samuel 20|1. Samuel 25|1. Samuel 28|1. Samuel 7|1. Samuel 8|2. Chronik 16|2. Chronik 22|Esra 2|Hesekiel 27|Hosea 5|Jeremia 40|Jesaja 10|Josua 18|Josua 19|Matthäus 2|Nehemia 11|Nehemia 7|Richter 19|Richter 4
Osten;36;0.58;;2;21;1. Chronik 26|1. Mose 11|1. Mose 12|1. Mose 13|Amos 8|Daniel 11|Daniel 8|Hesekiel 40|Hesekiel 41|Hesekiel 42|Hesekiel 43|Hesekiel 44|Hesekiel 46|Hesekiel 47|Hesekiel 48|Hiob 23|Jeremia 31|Jesaja 59|Matthäus 24|Nehemia 3|Offenbarung 21
Sarah;36;0.25;;2;9;1. Mose 17|1. Mose 18|1. Mose 20|1. Mose 21|1. Mose 23|1. Mose 24|1. Mose 25|1. Mose 49|Jesaja 51
Merari;36;0.5;;2;18;1. Chronik 15|1. Chronik 23|1. Chronik 24|1. Chronik 26|1. Chronik 5|1. Chronik 6|1. Chronik 9|1. Mose 46|2. Chronik 29|2. Chronik 34|2. Mose 6|4. Mose 10|4. Mose 26|4. Mose 3|4. Mose 4|4. Mose 7|Esra 8|Josua 21
Kaleb;36;0.44;;2;16;1. Chronik 2|1. Chronik 4|1. Chronik 6|1. Samuel 25|1. Samuel 30|4. Mose 13|4. Mose 14|4. Mose 26|4. Mose 32|4. Mose 34|5. Mose 1|Josua 14|Josua 15|Josua 21|Richter 1|Richter 3
Urija;36;0.25;;2;9;1. Könige 15|2. Könige 16|2. Samuel 11|2. Samuel 12|2. Samuel 23|Esra 8|Jeremia 26|Nehemia 3|Nehemia 8
Asarja;36;0.56;;2;20;1. Chronik 2|1. Chronik 3|1. Chronik 5|1. Chronik 6|1. Chronik 9|1. Könige 4|2. Chronik 21|2. Chronik 23|2. Chronik 26|2. Chronik 29|2. Chronik 31|Daniel 1|Daniel 2|Esra 7|Jeremia 43|Nehemia 10|Nehemia 12|Nehemia 3|Nehemia 7|Nehemia 8
Ahasia;36;0.31;;2;11;1. Könige 22|2. Chronik 20|2. Chronik 22|2. Könige 1|2. Könige 10|2. Könige 11|2. Könige 12|2. Könige 13|2. Könige 14|2. Könige 8|2. Könige 9
Philippus;36;0.39;;2;14;Apostelgeschichte 1|Apostelgeschichte 21|Apostelgeschichte 6|Apostelgeschichte 8|Johannes 1|Johannes 12|Johannes 14|Johannes 6|Lukas 3|Lukas 6|Markus 3|Markus 6|Matthäus 10|Matthäus 14
Ketten;35;0.71;;2;25;1. Könige 6|1. Könige 7|2. Chronik 33|2. Chronik 36|2. Könige 25|2. Mose 28|2. Mose 39|2. Samuel 3|2. Timotheus 1|2. Timotheus 2|Apostelgeschichte 12|Apostelgeschichte 21|Epheser 6|Hebräer 11|Hesekiel 7|Hohelied 1|Jeremia 39|Jeremia 52|Jesaja 40|Jesaja 51|Klagelieder 3|Lukas 8|Markus 5|Psalmen 149|Richter 16
Sihon;35;0.51;;2;18;1. Könige 4|4. Mose 21|4. Mose 32|5. Mose 1|5. Mose 2|5. Mose 29|5. Mose 3|5. Mose 31|5. Mose 4|Jeremia 48|Josua 12|Josua 13|Josua 2|Josua 9|Nehemia 9|Psalmen 135|Psalmen 136|Richter 11
Jesreel;35;0.51;;2;18;1. Chronik 4|1. Könige 18|1. Könige 21|1. Könige 4|1. Samuel 25|1. Samuel 29|2. Chronik 22|2. Könige 10|2. Könige 8|2. Könige 9|2. Samuel 2|2. Samuel 4|Hosea 1|Hosea 2|Josua 15|Josua 17|Josua 19|Richter 6
Joram;35;0.34;;2;12;1. Chronik 3|1. Könige 22|2. Chronik 17|2. Chronik 22|2. Könige 1|2. Könige 11|2. Könige 12|2. Könige 3|2. Könige 8|2. Könige 9|2. Samuel 8|Matthäus 1
Semaja;35;0.57;;2;20;1. Chronik 15|1. Chronik 24|1. Chronik 26|1. Könige 12|2. Chronik 11|2. Chronik 12|2. Chronik 17|2. Chronik 29|2. Chronik 31|2. Chronik 35|Esra 10|Esra 8|Jeremia 26|Jeremia 29|Jeremia 36|Nehemia 10|Nehemia 11|Nehemia 12|Nehemia 3|Nehemia 6
Zorns;34;0.91;ja;2;31;1. Samuel 28|2. Chronik 30|2. Mose 32|2. Samuel 22|Epheser 2|Hesekiel 22|Hesekiel 7|Hiob 21|Jeremia 18|Jeremia 4|Jesaja 10|Jesaja 11|Jesaja 13|Jesaja 42|Jesaja 51|Josua 7|Klagelieder 1|Klagelieder 2|Klagelieder 3|Nahum 1|Offenbarung 6|Psalmen 102|Psalmen 110|Psalmen 18|Psalmen 69|Psalmen 90|Römer 2|Römer 9|Sprüche 11|Zephanja 1|Zephanja 3
Kleidern;34;0.82;ja;2;28;1. Könige 1|1. Könige 22|1. Samuel 19|2. Chronik 18|2. Chronik 28|2. Könige 18|2. Samuel 1|2. Samuel 13|3. Mose 13|Amos 2|Apostelgeschichte 1|Daniel 12|Esther 8|Hesekiel 16|Hesekiel 44|Jesaja 36|Jesaja 63|Johannes 20|Josua 22|Lukas 24|Lukas 7|Matthäus 11|Matthäus 23|Offenbarung 3|Offenbarung 4|Offenbarung 7|Psalmen 45|Richter 5
Jona;34;0.29;;2;10;2. Könige 14|Johannes 1|Johannes 21|Jona 1|Jona 2|Jona 3|Jona 4|Lukas 11|Matthäus 12|Matthäus 16
Geschenke;33;0.88;ja;2;29;1. Mose 25|1. Mose 34|1. Samuel 10|1. Samuel 17|1. Samuel 8|2. Chronik 17|2. Chronik 21|2. Chronik 32|2. Könige 20|2. Könige 8|4. Mose 31|4. Mose 8|5. Mose 16|Daniel 2|Daniel 5|Esther 9|Hesekiel 22|Jesaja 1|Jesaja 39|Jesaja 5|Micha 3|Nehemia 12|Offenbarung 11|Psalmen 72|Psalmen 76|Richter 3|Sprüche 15|Sprüche 17|Sprüche 19
Mundes;33;0.91;ja;2;30;1. Chronik 16|2. Thessalonicher 2|5. Mose 32|Hesekiel 29|Hiob 15|Hiob 8|Hohelied 1|Hosea 6|Jeremia 9|Jesaja 11|Micha 7|Offenbarung 2|Psalmen 105|Psalmen 119|Psalmen 138|Psalmen 19|Psalmen 33|Psalmen 36|Psalmen 54|Psalmen 59|Psalmen 78|Sprüche 12|Sprüche 13|Sprüche 16|Sprüche 18|Sprüche 4|Sprüche 5|Sprüche 6|Sprüche 7|Sprüche 8
Zidon;31;0.84;ja;2;26;1. Chronik 1|1. Chronik 22|1. Könige 17|1. Mose 10|2. Samuel 24|Apostelgeschichte 12|Apostelgeschichte 27|Esra 3|Hesekiel 27|Hesekiel 28|Jeremia 25|Jeremia 27|Jeremia 47|Jesaja 23|Joel 4|Josua 11|Josua 19|Lukas 10|Lukas 6|Markus 3|Markus 7|Matthäus 11|Matthäus 15|Richter 1|Richter 18|Sacharja 9
Gedalja;31;0.29;;2;9;1. Chronik 25|2. Könige 25|Esra 10|Jeremia 38|Jeremia 39|Jeremia 40|Jeremia 41|Jeremia 43|Zephanja 1
Rebekka;30;0.33;;2;10;1. Mose 22|1. Mose 24|1. Mose 25|1. Mose 26|1. Mose 27|1. Mose 28|1. Mose 29|1. Mose 35|1. Mose 49|Römer 9
Karmesinfarbe;30;0.37;;2;11;2. Chronik 2|2. Chronik 3|2. Mose 25|2. Mose 26|2. Mose 27|2. Mose 28|2. Mose 35|2. Mose 36|2. Mose 38|2. Mose 39|4. Mose 4
Abjatar;30;0.5;;2;15;1. Chronik 15|1. Chronik 18|1. Chronik 24|1. Chronik 27|1. Könige 1|1. Könige 2|1. Könige 4|1. Samuel 22|1. Samuel 23|1. Samuel 30|2. Samuel 15|2. Samuel 17|2. Samuel 19|2. Samuel 20|2. Samuel 8
Saphan;30;0.37;;2;11;2. Chronik 34|2. Könige 22|2. Könige 25|Hesekiel 8|Jeremia 26|Jeremia 29|Jeremia 36|Jeremia 39|Jeremia 40|Jeremia 41|Jeremia 43
Jojakim;30;0.53;;2;16;1. Chronik 3|Daniel 1|Jeremia 1|Jeremia 22|Jeremia 24|Jeremia 25|Jeremia 26|Jeremia 27|Jeremia 28|Jeremia 35|Jeremia 36|Jeremia 37|Jeremia 45|Jeremia 46|Jeremia 52|Nehemia 12
Ahasveros;30;0.33;;2;10;Daniel 9|Esra 4|Esther 1|Esther 10|Esther 2|Esther 3|Esther 6|Esther 7|Esther 8|Esther 9
Befehle;29;0.34;;2;10;1. Mose 49|2. Samuel 14|Jeremia 35|Jeremia 43|Josua 17|Kolosser 4|Matthäus 11|Psalmen 119|Psalmen 19|Sprüche 10
Abija;29;0.48;;2;14;1. Chronik 2|1. Chronik 24|1. Chronik 3|1. Chronik 6|1. Chronik 7|1. Könige 14|1. Könige 15|1. Samuel 8|2. Chronik 11|2. Chronik 12|2. Chronik 13|2. Chronik 29|Nehemia 10|Nehemia 12
Johanan;29;0.48;;2;14;1. Chronik 12|1. Chronik 26|2. Chronik 17|2. Chronik 23|2. Chronik 28|2. Könige 25|Esra 10|Esra 8|Jeremia 40|Jeremia 41|Jeremia 42|Jeremia 43|Lukas 3|Nehemia 12
Sacharja;29;0.69;;2;20;1. Chronik 15|1. Chronik 16|1. Chronik 24|1. Chronik 26|1. Chronik 27|1. Chronik 9|2. Chronik 17|2. Chronik 24|2. Chronik 26|2. Chronik 29|2. Chronik 34|2. Chronik 35|Esra 10|Esra 5|Esra 6|Esra 8|Nehemia 12|Nehemia 8|Sacharja 1|Sacharja 7
Barnabas;29;0.34;;2;10;1. Korinther 9|Apostelgeschichte 11|Apostelgeschichte 12|Apostelgeschichte 13|Apostelgeschichte 14|Apostelgeschichte 15|Apostelgeschichte 4|Apostelgeschichte 9|Galater 2|Kolosser 4
Kahat;28;0.36;;2;10;1. Chronik 15|1. Chronik 23|1. Chronik 5|1. Chronik 6|4. Mose 16|4. Mose 26|4. Mose 3|4. Mose 4|4. Mose 7|Josua 21
Jephtah;28;0.11;;2;3;1. Samuel 12|Richter 11|Richter 12
Boas;28;0.29;;2;8;1. Chronik 2|1. Könige 7|2. Chronik 3|Lukas 3|Matthäus 1|Ruth 2|Ruth 3|Ruth 4
Amnon;28;0.14;;2;4;1. Chronik 3|1. Chronik 4|2. Samuel 13|2. Samuel 3
Baesa;28;0.21;;2;6;1. Könige 15|1. Könige 16|1. Könige 21|2. Chronik 16|2. Könige 9|Jeremia 41
Jesua;28;0.54;;2;15;1. Chronik 24|2. Chronik 31|Esra 10|Esra 2|Esra 3|Esra 4|Esra 5|Esra 8|Nehemia 10|Nehemia 11|Nehemia 12|Nehemia 3|Nehemia 7|Nehemia 8|Nehemia 9
Akazienholz;27;0.33;;2;9;2. Mose 25|2. Mose 26|2. Mose 27|2. Mose 30|2. Mose 35|2. Mose 36|2. Mose 37|2. Mose 38|5. Mose 10
Ramot;27;0.41;;2;11;1. Chronik 6|1. Könige 22|1. Könige 4|1. Samuel 30|2. Chronik 18|2. Chronik 22|2. Könige 8|2. Könige 9|5. Mose 4|Josua 20|Josua 21
Benhadad;27;0.3;;2;8;1. Könige 15|1. Könige 20|2. Chronik 16|2. Könige 13|2. Könige 6|2. Könige 8|Amos 1|Jeremia 49
Harfen;26;0.77;;2;20;1. Chronik 13|1. Chronik 15|1. Chronik 16|1. Chronik 25|1. Könige 10|1. Mose 31|1. Mose 4|1. Samuel 10|2. Chronik 20|2. Chronik 29|2. Chronik 5|2. Chronik 9|2. Samuel 6|Daniel 3|Jesaja 14|Nehemia 12|Offenbarung 14|Offenbarung 15|Psalmen 137|Psalmen 149
Gerste;26;0.81;;2;21;1. Chronik 11|1. Könige 5|2. Chronik 2|2. Chronik 27|2. Könige 7|2. Mose 9|2. Samuel 14|2. Samuel 17|3. Mose 27|5. Mose 8|Hesekiel 13|Hesekiel 4|Hesekiel 45|Hiob 31|Hosea 3|Jeremia 41|Jesaja 28|Joel 1|Offenbarung 6|Ruth 2|Ruth 3
Jotam;26;0.5;;2;13;1. Chronik 2|1. Chronik 3|1. Chronik 5|2. Chronik 26|2. Chronik 27|2. Könige 15|2. Könige 16|Hosea 1|Jesaja 1|Jesaja 7|Matthäus 1|Micha 1|Richter 9
Esra;26;0.19;;2;5;1. Chronik 4|Esra 10|Esra 7|Nehemia 12|Nehemia 8
Baruch;26;0.27;;2;7;Jeremia 32|Jeremia 36|Jeremia 43|Jeremia 45|Nehemia 10|Nehemia 11|Nehemia 3
Elam;25;0.68;;2;17;1. Chronik 1|1. Chronik 26|1. Chronik 8|1. Mose 10|1. Mose 14|Daniel 8|Esra 10|Esra 2|Esra 8|Hesekiel 32|Jeremia 25|Jeremia 49|Jesaja 11|Jesaja 22|Nehemia 10|Nehemia 12|Nehemia 7
Pinehas;25;0.64;;2;16;1. Chronik 5|1. Chronik 6|1. Chronik 9|1. Samuel 1|1. Samuel 14|1. Samuel 2|1. Samuel 4|2. Mose 6|4. Mose 25|4. Mose 31|Esra 7|Esra 8|Josua 22|Josua 24|Psalmen 106|Richter 20
Abisai;25;0.56;;2;14;1. Chronik 11|1. Chronik 18|1. Chronik 19|1. Chronik 2|1. Samuel 26|2. Samuel 10|2. Samuel 16|2. Samuel 18|2. Samuel 19|2. Samuel 2|2. Samuel 20|2. Samuel 21|2. Samuel 23|2. Samuel 3
Adonia;25;0.2;;2;5;1. Könige 1|1. Könige 2|2. Chronik 17|2. Samuel 3|Nehemia 10
Nebats;25;0.68;;2;17;1. Könige 11|1. Könige 12|1. Könige 15|1. Könige 16|1. Könige 21|1. Könige 22|2. Chronik 10|2. Chronik 13|2. Chronik 9|2. Könige 10|2. Könige 13|2. Könige 14|2. Könige 15|2. Könige 17|2. Könige 23|2. Könige 3|2. Könige 9
Serubbabel;25;0.48;;2;12;1. Chronik 3|Esra 2|Esra 3|Esra 4|Esra 5|Haggai 1|Haggai 2|Lukas 3|Matthäus 1|Nehemia 12|Nehemia 7|Sacharja 4
Frevel;24;1.08;;2;26;1. Chronik 12|1. Mose 6|1. Samuel 15|2. Mose 23|2. Samuel 6|4. Mose 15|Apostelgeschichte 18|Daniel 8|Habakuk 1|Habakuk 2|Hesekiel 12|Hesekiel 28|Hesekiel 45|Hesekiel 7|Hesekiel 8|Jeremia 51|Jesaja 1|Jesaja 59|Maleachi 2|Micha 3|Prediger 8|Psalmen 11|Richter 9|Sprüche 10|Sprüche 12|Sprüche 13
Geliebte;24;0.62;;2;15;1. Johannes 2|1. Johannes 3|1. Johannes 4|1. Petrus 2|1. Petrus 4|1. Timotheus 6|2. Korinther 12|2. Korinther 7|2. Petrus 3|5. Mose 21|Judas 1|Kolosser 3|Römer 11|Römer 16|Römer 9
Lachis;24;0.58;;2;14;2. Chronik 11|2. Chronik 25|2. Chronik 32|2. Könige 14|2. Könige 18|2. Könige 19|Jeremia 34|Jesaja 36|Jesaja 37|Josua 10|Josua 12|Josua 15|Micha 1|Nehemia 11
Hauptes;24;0.71;;2;17;1. Samuel 10|1. Samuel 28|1. Samuel 9|Daniel 2|Daniel 3|Daniel 4|Daniel 7|Hesekiel 8|Jesaja 22|Lukas 12|Lukas 7|Matthäus 10|Psalmen 108|Psalmen 35|Psalmen 40|Psalmen 60|Richter 16
Jabes;24;0.29;;2;7;1. Chronik 10|1. Samuel 11|1. Samuel 31|2. Könige 15|2. Samuel 2|2. Samuel 21|Richter 21
Hilkia;24;0.38;;2;9;2. Chronik 34|2. Chronik 35|2. Könige 18|2. Könige 22|2. Könige 23|Esra 7|Jeremia 1|Jeremia 29|Jesaja 36
Darius;24;0.46;;2;11;Daniel 11|Daniel 6|Daniel 9|Esra 4|Esra 5|Esra 6|Haggai 1|Haggai 2|Nehemia 12|Sacharja 1|Sacharja 7
Hananja;24;0.46;;2;11;2. Chronik 26|Daniel 1|Daniel 2|Esra 10|Jeremia 28|Jeremia 36|Jeremia 37|Nehemia 10|Nehemia 12|Nehemia 3|Nehemia 7
Timotheus;24;0.83;;2;20;1. Korinther 16|1. Korinther 4|1. Thessalonicher 1|1. Thessalonicher 3|1. Timotheus 1|1. Timotheus 6|2. Korinther 1|2. Thessalonicher 1|2. Timotheus 1|Apostelgeschichte 16|Apostelgeschichte 17|Apostelgeschichte 18|Apostelgeschichte 19|Apostelgeschichte 20|Hebräer 13|Kolosser 1|Philemon 1|Philipper 1|Philipper 2|Römer 16
Adam;23;0.52;;2;12;1. Chronik 1|1. Korinther 15|1. Mose 3|1. Mose 4|1. Mose 5|1. Timotheus 2|Hiob 31|Hosea 6|Josua 3|Judas 1|Lukas 3|Römer 5
Gomorra;23;0.78;;2;18;1. Mose 10|1. Mose 13|1. Mose 14|1. Mose 18|1. Mose 19|2. Petrus 2|5. Mose 29|5. Mose 32|Amos 4|Jeremia 23|Jeremia 49|Jeremia 50|Jesaja 1|Jesaja 13|Judas 1|Matthäus 10|Römer 9|Zephanja 2
Maacha;23;0.7;;2;16;1. Chronik 11|1. Chronik 19|1. Chronik 2|1. Chronik 27|1. Chronik 3|1. Chronik 7|1. Chronik 8|1. Chronik 9|1. Könige 15|1. Könige 2|1. Mose 22|2. Chronik 11|2. Chronik 13|2. Chronik 15|2. Samuel 10|2. Samuel 3
Tamar;23;0.39;;2;9;1. Chronik 2|1. Chronik 3|1. Mose 38|2. Samuel 13|2. Samuel 14|Hesekiel 47|Hesekiel 48|Matthäus 1|Ruth 4
Getreide;23;0.65;;2;15;1. Könige 8|1. Mose 41|1. Mose 42|1. Mose 43|2. Könige 19|Amos 8|Apostelgeschichte 27|Hosea 14|Hosea 7|Jesaja 28|Jesaja 30|Jesaja 55|Nehemia 5|Psalmen 72|Sprüche 11
Schuhe;23;0.91;;2;21;1. Könige 2|2. Chronik 28|2. Mose 12|2. Mose 3|Amos 2|Amos 8|Apostelgeschichte 12|Apostelgeschichte 13|Apostelgeschichte 7|Hesekiel 16|Hesekiel 24|Jesaja 20|Jesaja 5|Josua 5|Josua 9|Lukas 10|Lukas 15|Lukas 22|Lukas 3|Matthäus 10|Matthäus 3
Erbteils;23;0.78;;2;18;1. Chronik 16|2. Könige 21|2. Mose 15|4. Mose 35|4. Mose 36|5. Mose 32|Jeremia 10|Jeremia 51|Jesaja 63|Joel 4|Josua 16|Josua 19|Josua 22|Josua 24|Micha 7|Psalmen 106|Psalmen 74|Richter 2
Ekron;23;0.57;;2;13;1. Samuel 17|1. Samuel 5|1. Samuel 6|1. Samuel 7|2. Könige 1|Amos 1|Jeremia 25|Josua 13|Josua 15|Josua 19|Richter 1|Sacharja 9|Zephanja 2
Isebel;23;0.26;;2;6;1. Könige 16|1. Könige 18|1. Könige 19|1. Könige 21|2. Könige 9|Offenbarung 2
Hasael;23;0.35;;2;8;1. Könige 19|2. Chronik 22|2. Könige 10|2. Könige 12|2. Könige 13|2. Könige 8|2. Könige 9|Amos 1
Maaseja;23;0.65;;2;15;1. Chronik 15|2. Chronik 23|2. Chronik 26|2. Chronik 28|2. Chronik 34|Esra 10|Jeremia 21|Jeremia 29|Jeremia 35|Jeremia 37|Nehemia 10|Nehemia 11|Nehemia 12|Nehemia 3|Nehemia 8
Beerseba;22;0.86;;2;19;1. Chronik 21|1. Chronik 4|1. Könige 19|1. Könige 5|1. Mose 26|1. Mose 28|1. Mose 46|1. Samuel 3|2. Chronik 19|2. Chronik 24|2. Chronik 30|2. Könige 12|2. Könige 23|2. Samuel 17|2. Samuel 24|2. Samuel 3|Amos 5|Amos 8|Nehemia 11
Kummer;22;0.95;;2;21;1. Mose 42|1. Mose 44|1. Samuel 1|Esther 9|Hesekiel 4|Hiob 39|Jeremia 20|Jeremia 45|Jeremia 8|Jesaja 35|Jesaja 51|Prediger 2|Prediger 5|Psalmen 107|Psalmen 119|Psalmen 13|Psalmen 31|Psalmen 6|Sprüche 12|Sprüche 14|Sprüche 17
Stoffen;22;0.45;;2;10;2. Chronik 2|2. Chronik 3|2. Mose 26|2. Mose 27|2. Mose 28|2. Mose 35|2. Mose 36|2. Mose 38|2. Mose 39|Hesekiel 27
Getränk;22;0.82;;2;18;1. Samuel 1|3. Mose 10|3. Mose 11|4. Mose 28|4. Mose 6|5. Mose 14|5. Mose 29|Daniel 1|Jesaja 24|Jesaja 28|Jesaja 29|Jesaja 5|Jesaja 56|Lukas 1|Micha 2|Richter 13|Sprüche 20|Sprüche 31
Bilder;22;0.91;;2;20;1. Könige 14|2. Chronik 23|2. Chronik 28|2. Chronik 34|2. Könige 11|3. Mose 26|4. Mose 33|5. Mose 12|5. Mose 4|5. Mose 7|Apostelgeschichte 7|Hesekiel 7|Hosea 13|Jesaja 10|Jesaja 30|Jesaja 41|Jesaja 46|Micha 1|Micha 5|Nahum 1
Machir;22;0.59;;2;13;1. Chronik 2|1. Chronik 7|1. Mose 50|2. Samuel 17|2. Samuel 9|4. Mose 26|4. Mose 27|4. Mose 32|4. Mose 36|5. Mose 3|Josua 13|Josua 17|Richter 5
Achija;22;0.59;;2;13;1. Chronik 2|1. Chronik 8|1. Könige 11|1. Könige 12|1. Könige 14|1. Könige 15|1. Könige 21|1. Könige 4|1. Samuel 14|2. Chronik 10|2. Chronik 9|2. Könige 9|Nehemia 10
Hiram;22;0.27;;2;6;1. Chronik 14|1. Könige 10|1. Könige 5|1. Könige 7|1. Könige 9|2. Samuel 5
Nabot;22;0.09;;2;2;1. Könige 21|2. Könige 9
Briefe;22;0.91;;2;20;1. Könige 21|2. Chronik 30|2. Chronik 32|2. Korinther 10|2. Könige 10|2. Könige 20|2. Thessalonicher 3|Apostelgeschichte 22|Apostelgeschichte 28|Apostelgeschichte 9|Esra 4|Esra 5|Esra 7|Esther 1|Esther 3|Esther 8|Esther 9|Jeremia 29|Nehemia 2|Nehemia 6
Achi;22;0.32;;2;7;1. Chronik 5|1. Chronik 7|1. Könige 2|1. Samuel 21|1. Samuel 27|1. Samuel 28|1. Samuel 29
Kore;22;0.64;;2;14;1. Chronik 26|1. Chronik 9|2. Chronik 31|2. Chronik 36|Daniel 1|Daniel 10|Daniel 6|Esra 1|Esra 3|Esra 4|Esra 5|Esra 6|Jesaja 44|Jesaja 45
Nazareth;22;0.77;;2;17;Apostelgeschichte 10|Apostelgeschichte 2|Apostelgeschichte 26|Apostelgeschichte 3|Apostelgeschichte 6|Johannes 1|Lukas 1|Lukas 18|Lukas 2|Lukas 24|Lukas 4|Markus 1|Markus 10|Markus 16|Matthäus 2|Matthäus 21|Matthäus 4
Mazedonien;22;0.68;;2;15;1. Korinther 16|1. Thessalonicher 1|1. Thessalonicher 4|1. Timotheus 1|2. Korinther 1|2. Korinther 11|2. Korinther 2|2. Korinther 7|2. Korinther 8|Apostelgeschichte 16|Apostelgeschichte 18|Apostelgeschichte 19|Apostelgeschichte 20|Philipper 4|Römer 15
Kain;21;0.29;;2;6;1. Johannes 3|1. Mose 4|4. Mose 24|Hebräer 11|Josua 15|Judas 1
Gaza;21;0.81;;2;17;1. Könige 5|1. Mose 10|1. Samuel 6|2. Könige 18|5. Mose 2|Amos 1|Apostelgeschichte 8|Jeremia 25|Jeremia 47|Josua 10|Josua 11|Josua 15|Richter 1|Richter 16|Richter 6|Sacharja 9|Zephanja 2
Gunst;21;0.95;;2;20;1. Mose 33|1. Mose 39|2. Korinther 1|2. Mose 11|2. Mose 12|2. Mose 3|Apostelgeschichte 2|Apostelgeschichte 25|Esra 9|Esther 2|Prediger 9|Psalmen 119|Psalmen 45|Sprüche 12|Sprüche 13|Sprüche 16|Sprüche 18|Sprüche 19|Sprüche 28|Sprüche 3
Amalek;21;0.52;;2;11;1. Chronik 1|1. Chronik 4|1. Mose 36|1. Samuel 15|1. Samuel 28|2. Mose 17|2. Samuel 8|4. Mose 24|5. Mose 25|Psalmen 83|Richter 5
Ähren;21;0.48;;2;10;1. Mose 41|2. Mose 9|3. Mose 2|5. Mose 23|Hiob 24|Jesaja 17|Lukas 6|Markus 2|Matthäus 12|Ruth 2
Itamar;21;0.52;;2;11;1. Chronik 24|1. Chronik 5|2. Mose 28|2. Mose 38|2. Mose 6|3. Mose 10|4. Mose 26|4. Mose 3|4. Mose 4|4. Mose 7|Esra 8
Brand;21;0.81;;2;17;2. Mose 22|2. Samuel 14|3. Mose 10|5. Mose 28|Amos 4|Jakobus 3|Jeremia 51|Jesaja 10|Jesaja 42|Josua 8|Psalmen 7|Psalmen 74|Richter 1|Richter 9|Sacharja 3|Sprüche 29|Sprüche 6
Eliab;21;0.71;;2;15;1. Chronik 12|1. Chronik 15|1. Chronik 16|1. Chronik 2|1. Chronik 6|1. Samuel 16|1. Samuel 17|2. Chronik 11|4. Mose 1|4. Mose 10|4. Mose 16|4. Mose 2|4. Mose 26|4. Mose 7|5. Mose 11
Baals;21;0.38;;2;8;1. Könige 16|1. Könige 18|1. Könige 19|2. Chronik 23|2. Könige 10|2. Könige 3|4. Mose 22|Richter 6
Naemi;21;0.19;;2;4;Ruth 1|Ruth 2|Ruth 3|Ruth 4
Joel;21;0.71;;2;15;1. Chronik 11|1. Chronik 15|1. Chronik 23|1. Chronik 26|1. Chronik 27|1. Chronik 4|1. Chronik 5|1. Chronik 6|1. Chronik 7|1. Samuel 8|2. Chronik 29|Apostelgeschichte 2|Esra 10|Joel 1|Nehemia 11
Seraja;21;0.67;;2;14;1. Chronik 4|1. Chronik 5|2. Könige 25|2. Samuel 8|Esra 2|Esra 7|Esra 8|Jeremia 36|Jeremia 40|Jeremia 51|Jeremia 52|Nehemia 10|Nehemia 11|Nehemia 12
Persien;21;0.52;;2;11;2. Chronik 36|Daniel 10|Daniel 11|Esra 1|Esra 3|Esra 4|Esra 6|Esra 7|Esra 9|Esther 1|Esther 10
Mutterleib;20;0.9;;1;18;1. Mose 20|1. Samuel 1|Apostelgeschichte 3|Hiob 3|Hiob 31|Hiob 38|Jesaja 44|Jesaja 48|Jesaja 49|Lukas 1|Matthäus 19|Prediger 11|Psalmen 22|Psalmen 58|Psalmen 71|Richter 16|Römer 4|Sprüche 30
Gerson;20;0.55;;1;11;1. Chronik 23|1. Chronik 5|1. Mose 46|2. Mose 6|4. Mose 10|4. Mose 26|4. Mose 3|4. Mose 4|4. Mose 7|Josua 21|Richter 18
Nadab;20;0.65;;1;13;1. Chronik 2|1. Chronik 24|1. Chronik 5|1. Chronik 8|1. Chronik 9|1. Könige 14|1. Könige 15|2. Mose 24|2. Mose 28|2. Mose 6|3. Mose 10|4. Mose 26|4. Mose 3
Elkana;20;0.4;;1;8;1. Chronik 12|1. Chronik 15|1. Chronik 6|1. Chronik 9|1. Samuel 1|1. Samuel 2|2. Chronik 28|2. Mose 6
Zittern;20;1.0;;1;20;1. Korinther 2|2. Korinther 7|2. Mose 15|Apostelgeschichte 9|Epheser 6|Hesekiel 12|Hesekiel 26|Hiob 21|Hiob 26|Hiob 4|Hiob 41|Jeremia 49|Jesaja 33|Markus 16|Markus 5|Philipper 2|Psalmen 2|Psalmen 48|Psalmen 55|Psalmen 77
Ursache;20;1.0;;1;20;1. Samuel 19|1. Samuel 25|Apostelgeschichte 10|Hesekiel 14|Hiob 2|Hiob 9|Jesaja 29|Jesaja 52|Johannes 15|Josua 5|Klagelieder 3|Psalmen 119|Psalmen 25|Psalmen 35|Psalmen 69|Psalmen 7|Sprüche 1|Sprüche 23|Sprüche 24|Sprüche 3
Nabal;20;0.25;;1;5;1. Samuel 25|1. Samuel 27|1. Samuel 30|2. Samuel 2|2. Samuel 3
Obed-Edom;20;0.3;;1;6;1. Chronik 13|1. Chronik 15|1. Chronik 16|1. Chronik 26|2. Chronik 25|2. Samuel 6
Ahitophel;20;0.25;;1;5;1. Chronik 27|2. Samuel 15|2. Samuel 16|2. Samuel 17|2. Samuel 23
Obadja;20;0.65;;1;13;1. Chronik 12|1. Chronik 27|1. Chronik 3|1. Chronik 7|1. Chronik 8|1. Chronik 9|1. Könige 18|2. Chronik 17|2. Chronik 34|Esra 8|Nehemia 10|Nehemia 12|Obadja 1
Netanja;20;0.3;;1;6;1. Chronik 25|2. Chronik 17|2. Könige 25|Jeremia 36|Jeremia 40|Jeremia 41
Susan;20;0.35;;1;7;Esther 1|Esther 2|Esther 3|Esther 4|Esther 8|Esther 9|Nehemia 1
Jubel;20;1.1;;1;22;Galater 4|Hiob 3|Jeremia 25|Jeremia 33|Jeremia 7|Jesaja 14|Jesaja 22|Jesaja 25|Jesaja 35|Jesaja 44|Jesaja 49|Jesaja 54|Jesaja 55|Jesaja 65|Jesaja 9|Psalmen 100|Psalmen 105|Psalmen 118|Psalmen 126|Psalmen 30|Psalmen 65|Psalmen 98
Dank;20;0.85;;1;17;1. Korinther 15|1. Thessalonicher 3|2. Korinther 2|2. Korinther 4|2. Korinther 8|2. Korinther 9|Apostelgeschichte 24|Apostelgeschichte 25|Daniel 2|Epheser 5|Hebräer 12|Johannes 6|Markus 14|Offenbarung 4|Offenbarung 7|Psalmen 50|Römer 6
Asien;20;0.65;;1;13;1. Korinther 16|1. Petrus 1|2. Korinther 1|2. Timotheus 1|Apostelgeschichte 16|Apostelgeschichte 19|Apostelgeschichte 2|Apostelgeschichte 20|Apostelgeschichte 21|Apostelgeschichte 24|Apostelgeschichte 6|Offenbarung 1|Römer 16
Eden;19;0.68;;1;13;1. Mose 2|1. Mose 3|1. Mose 4|2. Chronik 29|2. Chronik 31|2. Könige 19|Hesekiel 27|Hesekiel 28|Hesekiel 31|Hesekiel 36|Jesaja 37|Jesaja 51|Joel 2
Ninive;19;0.63;;1;12;1. Mose 10|2. Könige 19|Jesaja 37|Jona 1|Jona 3|Jona 4|Lukas 11|Matthäus 12|Nahum 1|Nahum 2|Nahum 3|Zephanja 2
Haran;19;0.53;;1;10;1. Chronik 23|1. Mose 11|1. Mose 12|1. Mose 27|1. Mose 28|1. Mose 29|2. Könige 19|Apostelgeschichte 7|Hesekiel 27|Jesaja 37
Mesopotamien;19;0.74;;1;14;1. Chronik 19|1. Mose 24|1. Mose 25|1. Mose 28|1. Mose 31|1. Mose 33|1. Mose 35|1. Mose 46|1. Mose 48|5. Mose 23|Apostelgeschichte 2|Apostelgeschichte 7|Psalmen 60|Richter 3
Säcke;19;0.63;;1;12;1. Chronik 21|1. Könige 20|1. Mose 42|1. Mose 43|1. Mose 44|2. Samuel 3|Hesekiel 27|Hesekiel 7|Jeremia 4|Jeremia 49|Jona 3|Josua 9
Asdod;19;0.63;;1;12;1. Samuel 5|1. Samuel 6|2. Chronik 26|Amos 1|Amos 3|Jeremia 25|Jesaja 20|Josua 11|Josua 15|Nehemia 13|Sacharja 9|Zephanja 2
Amon;19;0.53;;1;10;1. Chronik 3|1. Könige 22|2. Chronik 18|2. Chronik 33|2. Könige 21|Jeremia 1|Jeremia 25|Jeremia 46|Matthäus 1|Zephanja 1
Ussia;19;0.42;;1;8;1. Chronik 11|1. Chronik 27|2. Chronik 26|2. Chronik 27|Amos 1|Jesaja 7|Nehemia 11|Sacharja 14
Einer;19;0.84;;1;16;1. Timotheus 2|Jakobus 4|Jeremia 9|Jesaja 41|Johannes 1|Johannes 11|Johannes 8|Lukas 17|Lukas 23|Markus 14|Markus 15|Matthäus 19|Matthäus 26|Römer 14|Sprüche 11|Sprüche 13
Antiochia;19;0.42;;1;8;2. Timotheus 3|Apostelgeschichte 11|Apostelgeschichte 13|Apostelgeschichte 14|Apostelgeschichte 15|Apostelgeschichte 18|Apostelgeschichte 6|Galater 2
Ephesus;19;0.63;;1;12;1. Korinther 15|1. Korinther 16|1. Timotheus 1|2. Timotheus 1|2. Timotheus 4|Apostelgeschichte 18|Apostelgeschichte 19|Apostelgeschichte 20|Apostelgeschichte 21|Epheser 1|Offenbarung 1|Offenbarung 2
Sarai;18;0.28;;1;5;1. Mose 11|1. Mose 12|1. Mose 16|1. Mose 17|Esra 10
Midian;18;0.83;;1;15;1. Chronik 1|1. Könige 11|1. Mose 25|2. Mose 18|2. Mose 2|2. Mose 3|2. Mose 4|Apostelgeschichte 7|Habakuk 3|Jesaja 10|Jesaja 60|Jesaja 9|Josua 13|Psalmen 83|Richter 7
Rossen;18;0.83;;1;15;2. Mose 14|2. Mose 15|5. Mose 11|Esther 8|Habakuk 3|Hesekiel 23|Hesekiel 26|Hosea 14|Jeremia 12|Jeremia 22|Jeremia 50|Jesaja 30|Josua 11|Sacharja 14|Sacharja 6
Sprengbecken;18;0.28;;1;5;2. Mose 27|4. Mose 4|4. Mose 7|Sacharja 14|Sacharja 9
Zedernholz;18;0.5;;1;9;1. Chronik 14|1. Chronik 22|1. Könige 10|1. Könige 6|1. Könige 7|2. Chronik 1|3. Mose 14|4. Mose 19|Esra 3
Hamat;18;0.67;;1;12;2. Samuel 8|4. Mose 13|4. Mose 34|Amos 6|Hesekiel 47|Hesekiel 48|Jeremia 39|Jeremia 49|Jeremia 52|Josua 13|Richter 3|Sacharja 9
Feigen;18;0.61;;1;11;1. Chronik 12|4. Mose 13|Haggai 2|Jakobus 3|Jeremia 24|Jeremia 29|Jeremia 8|Lukas 6|Markus 11|Matthäus 7|Nehemia 13
Simri;18;0.56;;1;10;1. Chronik 11|1. Chronik 2|1. Chronik 26|1. Chronik 8|1. Chronik 9|1. Könige 16|2. Chronik 29|2. Könige 9|4. Mose 25|Jeremia 25
Libna;18;0.72;;1;13;1. Chronik 6|2. Chronik 21|2. Könige 19|2. Könige 23|2. Könige 24|2. Könige 8|4. Mose 33|Jeremia 52|Jesaja 37|Josua 10|Josua 12|Josua 15|Josua 21
Kirjat-Jearim;18;0.61;;1;11;1. Chronik 13|1. Chronik 2|1. Samuel 6|1. Samuel 7|2. Chronik 1|Jeremia 26|Josua 15|Josua 18|Josua 9|Nehemia 7|Richter 18
Hazor;18;0.56;;1;10;1. Könige 9|1. Samuel 12|2. Könige 15|Jeremia 49|Josua 11|Josua 12|Josua 15|Josua 19|Nehemia 11|Richter 4
Beth-Semes;18;0.56;;1;10;1. Chronik 6|1. Könige 4|1. Samuel 6|2. Chronik 25|2. Chronik 28|2. Könige 14|Josua 15|Josua 19|Josua 21|Richter 1
Manoach;18;0.11;;1;2;Richter 13|Richter 16
Hanna;18;0.33;;1;6;1. Samuel 1|1. Samuel 2|Apostelgeschichte 4|Johannes 18|Lukas 2|Lukas 3
Asahel;18;0.5;;1;9;1. Chronik 11|1. Chronik 2|1. Chronik 27|2. Chronik 17|2. Chronik 31|2. Samuel 2|2. Samuel 23|2. Samuel 3|Esra 10
Asas;18;0.44;;1;8;1. Chronik 5|1. Chronik 9|1. Könige 15|1. Könige 16|1. Könige 22|2. Chronik 15|2. Chronik 16|2. Chronik 21
Achikam;18;0.33;;1;6;2. Chronik 34|2. Könige 22|Jeremia 26|Jeremia 40|Jeremia 41|Jeremia 43
Granatäpfel;17;0.65;;1;11;1. Könige 7|2. Chronik 3|2. Chronik 4|2. Könige 25|2. Mose 28|2. Mose 39|4. Mose 13|4. Mose 20|5. Mose 8|Haggai 2|Jeremia 52
Versehen;17;0.47;;1;8;3. Mose 22|3. Mose 4|3. Mose 5|4. Mose 15|4. Mose 35|Hebräer 9|Hesekiel 45|Prediger 5
Tirza;17;0.59;;1;10;1. Könige 14|1. Könige 15|1. Könige 16|2. Könige 15|4. Mose 26|4. Mose 27|4. Mose 36|Hohelied 6|Josua 12|Josua 17
Michal;17;0.41;;1;7;1. Chronik 15|1. Samuel 14|1. Samuel 18|1. Samuel 19|1. Samuel 25|2. Samuel 3|2. Samuel 6
Achimelech;17;0.47;;1;8;1. Chronik 24|1. Samuel 21|1. Samuel 22|1. Samuel 23|1. Samuel 26|1. Samuel 30|2. Samuel 8|Psalmen 52
Kehila;17;0.18;;1;3;1. Chronik 4|1. Samuel 23|Nehemia 3
Abigail;17;0.47;;1;8;1. Chronik 2|1. Chronik 3|1. Samuel 25|1. Samuel 27|1. Samuel 30|2. Samuel 17|2. Samuel 2|2. Samuel 3
Amasa;17;0.35;;1;6;1. Chronik 2|1. Könige 2|2. Chronik 28|2. Samuel 17|2. Samuel 19|2. Samuel 20
Heman;17;0.59;;1;10;1. Chronik 15|1. Chronik 16|1. Chronik 2|1. Chronik 25|1. Chronik 6|1. Könige 5|2. Chronik 29|2. Chronik 35|2. Chronik 5|Psalmen 88
Omri;17;0.41;;1;7;1. Chronik 27|1. Chronik 7|1. Chronik 9|1. Könige 16|2. Chronik 22|2. Könige 8|Micha 6
Pferden;17;0.94;;1;16;2. Chronik 25|2. Könige 14|2. Könige 2|2. Könige 5|2. Könige 6|2. Könige 7|Hesekiel 23|Hesekiel 38|Hesekiel 39|Jakobus 3|Jeremia 17|Jeremia 6|Jesaja 66|Offenbarung 19|Offenbarung 9|Prediger 10
Chamat;17;0.88;;1;15;1. Chronik 13|1. Chronik 18|1. Könige 8|2. Chronik 7|2. Chronik 8|2. Könige 14|2. Könige 17|2. Könige 18|2. Könige 19|2. Könige 23|2. Könige 25|Jesaja 10|Jesaja 11|Jesaja 36|Jesaja 37
Sallum;17;0.71;;1;12;2. Chronik 28|2. Chronik 34|2. Könige 15|2. Könige 22|Esra 10|Esra 2|Esra 7|Jeremia 22|Jeremia 32|Jeremia 35|Nehemia 3|Nehemia 7
Mesullam;17;0.59;;1;10;2. Chronik 34|2. Könige 22|Esra 10|Esra 8|Nehemia 10|Nehemia 11|Nehemia 12|Nehemia 3|Nehemia 6|Nehemia 8
Cäsarea;17;0.65;;1;11;Apostelgeschichte 10|Apostelgeschichte 11|Apostelgeschichte 12|Apostelgeschichte 18|Apostelgeschichte 21|Apostelgeschichte 23|Apostelgeschichte 25|Apostelgeschichte 8|Apostelgeschichte 9|Markus 8|Matthäus 16
Tarsis;16;0.75;;1;12;1. Mose 10|2. Chronik 20|2. Chronik 9|Esther 1|Hesekiel 27|Hesekiel 38|Jeremia 10|Jesaja 23|Jesaja 66|Jona 1|Jona 4|Psalmen 72
Pheresiter;16;0.88;;1;14;1. Mose 13|1. Mose 15|2. Mose 3|2. Mose 33|2. Mose 34|5. Mose 7|Josua 11|Josua 12|Josua 17|Josua 24|Josua 3|Josua 9|Nehemia 9|Richter 1
Sukkot;16;0.5;;1;8;1. Könige 7|1. Mose 33|2. Chronik 4|2. Mose 12|2. Mose 13|4. Mose 33|Josua 13|Richter 8
Eliphas;16;0.5;;1;8;1. Chronik 1|1. Mose 36|4. Mose 2|Hiob 15|Hiob 2|Hiob 22|Hiob 4|Hiob 42
Ussiel;16;0.81;;1;13;1. Chronik 15|1. Chronik 23|1. Chronik 24|1. Chronik 25|1. Chronik 4|1. Chronik 5|1. Chronik 6|1. Chronik 7|2. Chronik 29|2. Mose 6|3. Mose 10|4. Mose 3|Nehemia 3
Durst;16;0.94;;1;15;1. Korinther 4|2. Chronik 32|2. Korinther 11|2. Mose 17|5. Mose 28|Amos 8|Hosea 2|Jesaja 41|Jesaja 48|Jesaja 5|Jesaja 50|Klagelieder 4|Psalmen 104|Psalmen 69|Richter 15
Hosea;16;0.5;;1;8;1. Chronik 27|2. Könige 15|2. Könige 17|2. Könige 18|4. Mose 13|Hosea 1|Nehemia 10|Römer 9
Aroer;16;0.81;;1;13;1. Chronik 5|1. Samuel 30|2. Könige 10|2. Samuel 24|4. Mose 32|5. Mose 2|5. Mose 3|5. Mose 4|Jeremia 48|Jesaja 17|Josua 12|Josua 13|Richter 11
Geser;16;0.75;;1;12;1. Chronik 12|1. Chronik 14|1. Chronik 20|1. Chronik 6|1. Chronik 7|1. Könige 9|2. Samuel 5|Josua 10|Josua 12|Josua 16|Josua 21|Richter 1
Anatot;16;0.81;;1;13;1. Chronik 6|1. Chronik 7|1. Könige 2|Esra 2|Jeremia 1|Jeremia 11|Jeremia 29|Jeremia 32|Jesaja 10|Josua 21|Nehemia 10|Nehemia 11|Nehemia 7
Saitenspiel;16;1.0;;1;16;1. Samuel 16|2. Chronik 5|Hesekiel 26|Jesaja 38|Klagelieder 5|Psalmen 150|Psalmen 4|Psalmen 45|Psalmen 54|Psalmen 55|Psalmen 6|Psalmen 61|Psalmen 67|Psalmen 71|Psalmen 76|Psalmen 77
Blitze;16;1.0;;1;16;2. Samuel 22|Hesekiel 1|Hiob 38|Jeremia 10|Jeremia 51|Nahum 2|Offenbarung 11|Offenbarung 16|Offenbarung 4|Offenbarung 8|Psalmen 135|Psalmen 18|Psalmen 76|Psalmen 77|Psalmen 97|Sacharja 10
Rabschake;16;0.25;;1;4;2. Könige 18|2. Könige 19|Jesaja 36|Jesaja 37
Amarja;16;0.75;;1;12;1. Chronik 23|1. Chronik 24|1. Chronik 5|1. Chronik 6|2. Chronik 19|2. Chronik 31|Esra 10|Esra 7|Nehemia 10|Nehemia 11|Nehemia 12|Zephanja 1
Jephunne;16;0.75;;1;12;1. Chronik 4|1. Chronik 6|1. Chronik 7|4. Mose 13|4. Mose 14|4. Mose 26|4. Mose 32|4. Mose 34|5. Mose 1|Josua 14|Josua 15|Josua 21
Jedutun;16;0.56;;1;9;1. Chronik 16|1. Chronik 25|1. Chronik 9|2. Chronik 29|2. Chronik 35|2. Chronik 5|Nehemia 11|Psalmen 62|Psalmen 77
Gleichnissen;16;0.56;;1;9;Hesekiel 21|Hosea 12|Johannes 16|Lukas 8|Markus 12|Markus 3|Markus 4|Matthäus 13|Matthäus 22
Kapernaum;16;0.81;;1;13;Johannes 2|Johannes 4|Johannes 6|Lukas 10|Lukas 4|Lukas 7|Markus 1|Markus 2|Markus 9|Matthäus 11|Matthäus 17|Matthäus 4|Matthäus 8
Seba;15;0.53;;1;8;1. Chronik 1|1. Chronik 5|1. Mose 10|2. Samuel 20|Hesekiel 27|Hesekiel 38|Hiob 6|Psalmen 72
Kadesch;15;0.67;;1;10;1. Mose 14|1. Mose 16|1. Mose 20|4. Mose 13|4. Mose 20|4. Mose 33|5. Mose 1|5. Mose 32|Psalmen 29|Richter 11
Serach;15;0.67;;1;10;1. Chronik 1|1. Chronik 2|1. Chronik 4|1. Chronik 6|1. Chronik 7|1. Mose 38|2. Chronik 14|Josua 22|Josua 7|Nehemia 11
Bösem;15;0.93;;1;14;1. Mose 44|1. Petrus 3|1. Samuel 24|1. Samuel 25|1. Thessalonicher 5|Jeremia 18|Psalmen 34|Psalmen 35|Psalmen 38|Psalmen 7|Römer 12|Sprüche 11|Sprüche 17|Sprüche 21
Gosen;15;0.6;;1;9;1. Mose 45|1. Mose 46|1. Mose 47|1. Mose 50|2. Mose 8|2. Mose 9|Josua 10|Josua 11|Josua 15
Mirjam;15;0.53;;1;8;1. Chronik 4|1. Chronik 5|2. Mose 15|4. Mose 12|4. Mose 20|4. Mose 26|5. Mose 24|Micha 6
Angesichts;15;0.93;;1;14;2. Mose 34|Hiob 29|Jesaja 3|Jesaja 63|Lukas 9|Psalmen 31|Psalmen 4|Psalmen 42|Psalmen 43|Psalmen 44|Psalmen 80|Psalmen 89|Psalmen 90|Sprüche 16
Unreine;15;0.8;;1;12;2. Chronik 29|2. Korinther 6|3. Mose 5|3. Mose 7|4. Mose 19|5. Mose 12|Apostelgeschichte 10|Apostelgeschichte 11|Jesaja 52|Jesaja 64|Offenbarung 21|Richter 13
Gefangene;15;0.87;;1;13;2. Chronik 28|2. Könige 24|4. Mose 21|5. Mose 21|Amos 1|Apostelgeschichte 23|Apostelgeschichte 27|Epheser 4|Habakuk 1|Jesaja 14|Jesaja 24|Jesaja 49|Psalmen 68
Ziklag;15;0.6;;1;9;1. Chronik 12|1. Chronik 4|1. Samuel 27|1. Samuel 30|2. Samuel 1|2. Samuel 4|Josua 15|Josua 19|Nehemia 11
Geba;15;1.0;;1;15;1. Chronik 6|1. Chronik 8|1. Könige 15|1. Samuel 13|1. Samuel 14|2. Chronik 16|2. Könige 23|2. Samuel 5|Esra 2|Jesaja 10|Josua 18|Josua 21|Nehemia 11|Nehemia 12|Sacharja 14
Psalter;15;0.8;;1;12;1. Chronik 25|1. Könige 10|1. Samuel 10|2. Chronik 20|2. Chronik 9|Daniel 3|Psalmen 108|Psalmen 150|Psalmen 33|Psalmen 57|Psalmen 81|Psalmen 92
Mephiboset;15;0.33;;1;5;2. Samuel 16|2. Samuel 19|2. Samuel 21|2. Samuel 4|2. Samuel 9
Zimbeln;15;0.67;;1;10;1. Chronik 13|1. Chronik 15|1. Chronik 16|1. Chronik 25|2. Chronik 29|2. Chronik 5|2. Samuel 6|Esra 3|Nehemia 12|Psalmen 150
Ziba;15;0.2;;1;3;2. Samuel 16|2. Samuel 19|2. Samuel 9
Jonadab;15;0.2;;1;3;2. Könige 10|2. Samuel 13|Jeremia 35
Jehoram;15;0.2;;1;3;2. Chronik 21|2. Chronik 22|2. Könige 8
Atalia;15;0.33;;1;5;2. Chronik 22|2. Chronik 23|2. Chronik 24|2. Könige 11|2. Könige 8
Sanherib;15;0.33;;1;5;2. Chronik 32|2. Könige 18|2. Könige 19|Jesaja 36|Jesaja 37
Äthiopien;15;0.87;;1;13;2. Könige 19|Esther 1|Esther 8|Hesekiel 29|Hesekiel 30|Hiob 28|Jesaja 11|Jesaja 18|Jesaja 20|Jesaja 37|Jesaja 43|Jesaja 45|Zephanja 3
Nebusaradan;15;0.4;;1;6;2. Könige 25|Jeremia 39|Jeremia 40|Jeremia 41|Jeremia 43|Jeremia 52
Michael;15;0.87;;1;13;1. Chronik 12|1. Chronik 27|1. Chronik 5|1. Chronik 6|1. Chronik 7|1. Chronik 8|2. Chronik 21|4. Mose 13|Daniel 10|Daniel 12|Esra 8|Judas 1|Offenbarung 12
Achitub;15;0.6;;1;9;1. Chronik 18|1. Chronik 5|1. Chronik 6|1. Chronik 9|1. Samuel 14|1. Samuel 22|2. Samuel 8|Esra 7|Nehemia 11
Mattanja;15;0.53;;1;8;1. Chronik 25|1. Chronik 9|2. Chronik 20|2. Chronik 29|Esra 10|Nehemia 11|Nehemia 12|Nehemia 13
Jechiel;15;0.8;;1;12;1. Chronik 15|1. Chronik 16|1. Chronik 23|1. Chronik 26|1. Chronik 27|1. Chronik 29|2. Chronik 21|2. Chronik 29|2. Chronik 31|2. Chronik 35|Esra 10|Esra 8
Artasasta;15;0.47;;1;7;Esra 4|Esra 6|Esra 7|Esra 8|Nehemia 13|Nehemia 2|Nehemia 5
Sadrach;15;0.2;;1;3;Daniel 1|Daniel 2|Daniel 3
Mesach;15;0.2;;1;3;Daniel 1|Daniel 2|Daniel 3
Abednego;15;0.2;;1;3;Daniel 1|Daniel 2|Daniel 3
Rabbi;15;0.73;;1;11;Johannes 1|Johannes 11|Johannes 3|Johannes 4|Johannes 6|Johannes 9|Markus 11|Markus 14|Markus 9|Matthäus 23|Matthäus 26
Lazarus;15;0.2;;1;3;Johannes 11|Johannes 12|Lukas 16
Saulus;15;0.4;;1;6;Apostelgeschichte 11|Apostelgeschichte 12|Apostelgeschichte 13|Apostelgeschichte 7|Apostelgeschichte 8|Apostelgeschichte 9
Bela;14;0.57;;1;8;1. Chronik 1|1. Chronik 5|1. Chronik 7|1. Chronik 8|1. Mose 14|1. Mose 36|1. Mose 46|4. Mose 26
Elieser;14;0.71;;1;10;1. Chronik 15|1. Chronik 23|1. Chronik 26|1. Chronik 27|1. Chronik 7|1. Mose 15|2. Chronik 20|2. Mose 18|Esra 10|Esra 8
Hagar;14;0.29;;1;4;1. Mose 16|1. Mose 21|1. Mose 25|Galater 4
Hadad;14;0.29;;1;4;1. Chronik 1|1. Könige 11|1. Mose 25|1. Mose 36
Ziegen;14;0.86;;1;12;1. Könige 20|1. Mose 30|1. Mose 31|1. Mose 32|1. Samuel 25|2. Chronik 35|2. Mose 12|3. Mose 1|3. Mose 22|3. Mose 7|5. Mose 14|Hohelied 6
Leinwand;14;0.71;;1;10;1. Mose 41|Daniel 10|Hesekiel 44|Lukas 16|Lukas 23|Markus 15|Matthäus 27|Offenbarung 15|Offenbarung 18|Offenbarung 19
Gera;14;0.79;;1;11;1. Chronik 8|1. Könige 2|1. Mose 46|2. Mose 30|2. Samuel 16|2. Samuel 19|3. Mose 27|4. Mose 18|4. Mose 3|Hesekiel 45|Richter 3
Golde;14;1.07;;1;15;1. Chronik 22|1. Könige 10|1. Mose 24|1. Petrus 1|2. Chronik 9|2. Mose 25|2. Mose 28|2. Mose 37|2. Mose 39|2. Samuel 12|4. Mose 7|5. Mose 7|Apostelgeschichte 17|Hiob 28|Jesaja 13
Widdern;14;0.64;;1;9;1. Samuel 15|2. Chronik 13|2. Mose 29|4. Mose 29|Hesekiel 27|Hesekiel 34|Jesaja 1|Micha 6|Psalmen 66
Naeman;14;0.21;;1;3;2. Könige 5|4. Mose 26|Lukas 4
Palmen;14;0.5;;1;7;1. Könige 6|2. Chronik 3|4. Mose 33|Hesekiel 40|Hesekiel 41|Joel 1|Offenbarung 7
Debir;14;0.57;;1;8;1. Chronik 6|Josua 10|Josua 11|Josua 12|Josua 13|Josua 15|Josua 21|Richter 1
Rabba;14;0.71;;1;10;1. Chronik 20|2. Samuel 11|2. Samuel 12|2. Samuel 17|Amos 1|Hesekiel 21|Hesekiel 25|Jeremia 49|Josua 13|Josua 15
Barak;14;0.21;;1;3;Hebräer 11|Richter 4|Richter 5
Jerub-Baal;14;0.36;;1;5;1. Samuel 12|Richter 6|Richter 7|Richter 8|Richter 9
Gefahr;14;0.86;;1;12;1. Chronik 11|1. Korinther 15|1. Samuel 20|Apostelgeschichte 19|Jesaja 54|Lukas 8|Prediger 10|Psalmen 138|Psalmen 32|Römer 8|Sprüche 12|Sprüche 17
Ussa;14;0.5;;1;7;1. Chronik 13|1. Chronik 6|1. Chronik 8|2. Könige 21|2. Samuel 6|Esra 2|Nehemia 7
Saba;14;0.5;;1;7;1. Könige 10|2. Chronik 9|Hesekiel 27|Jeremia 6|Jesaja 43|Jesaja 60|Psalmen 72
Josabad;14;0.79;;1;11;1. Chronik 12|1. Chronik 26|2. Chronik 17|2. Chronik 24|2. Chronik 31|2. Chronik 35|2. Könige 12|Esra 10|Esra 8|Nehemia 11|Nehemia 8
Kareachs;14;0.36;;1;5;2. Könige 25|Jeremia 40|Jeremia 41|Jeremia 42|Jeremia 43
Eljaschib;14;0.43;;1;6;1. Chronik 24|1. Chronik 3|Esra 10|Nehemia 12|Nehemia 13|Nehemia 3
Michaja;14;0.36;;1;5;2. Chronik 17|2. Chronik 18|2. Könige 22|Jeremia 36|Nehemia 12
Tobija;14;0.43;;1;6;Nehemia 13|Nehemia 2|Nehemia 3|Nehemia 4|Nehemia 6|Nehemia 7
Neid;14;0.93;;1;13;1. Petrus 2|1. Timotheus 6|Apostelgeschichte 17|Galater 5|Jakobus 3|Markus 15|Markus 7|Matthäus 27|Philipper 1|Prediger 4|Römer 1|Römer 13|Titus 3
Abel;13;0.46;;1;6;1. Mose 4|2. Samuel 20|Hebräer 11|Hebräer 12|Lukas 11|Matthäus 23
Ephron;13;0.46;;1;6;1. Mose 23|1. Mose 25|1. Mose 49|1. Mose 50|2. Chronik 13|Josua 15
Mahanaim;13;0.69;;1;9;1. Könige 2|1. Könige 4|1. Mose 32|2. Samuel 17|2. Samuel 19|2. Samuel 2|Hohelied 7|Josua 13|Josua 21
Hemor;13;0.38;;1;5;1. Mose 33|1. Mose 34|Apostelgeschichte 7|Josua 24|Richter 9
Träume;13;0.77;;1;10;1. Mose 37|1. Mose 41|1. Mose 42|1. Samuel 28|Apostelgeschichte 2|Daniel 2|Jeremia 23|Jeremia 29|Joel 3|Sacharja 10
Gütern;13;1.0;;1;13;1. Mose 45|5. Mose 28|5. Mose 33|Apostelgeschichte 4|Esra 6|Galater 6|Hesekiel 27|Hiob 22|Lukas 1|Lukas 12|Psalmen 36|Psalmen 65|Römer 15
Blumen;13;0.46;;1;6;1. Könige 6|1. Könige 7|2. Mose 25|2. Mose 37|4. Mose 8|Hohelied 2
Vorschrift;13;0.46;;1;6;1. Chronik 28|2. Chronik 35|3. Mose 4|3. Mose 9|Esra 3|Jesaja 28
Klauen;13;0.46;;1;6;3. Mose 11|5. Mose 14|Daniel 7|Hesekiel 32|Psalmen 69|Sacharja 11
Hoherpriester;13;0.92;;1;12;3. Mose 21|Apostelgeschichte 23|Haggai 2|Hebräer 2|Hebräer 5|Hebräer 6|Hebräer 7|Hebräer 8|Hebräer 9|Johannes 11|Johannes 18|Sacharja 3
Farre;13;0.23;;1;3;4. Mose 7|Psalmen 69|Richter 6
Jaeser;13;0.69;;1;9;1. Chronik 26|1. Chronik 6|2. Samuel 24|4. Mose 21|4. Mose 32|Jeremia 48|Jesaja 16|Josua 13|Josua 21
Nebo;13;0.85;;1;11;1. Chronik 5|4. Mose 32|4. Mose 33|5. Mose 32|5. Mose 34|Esra 10|Esra 2|Jeremia 48|Jesaja 15|Jesaja 46|Nehemia 7
Eglon;13;0.31;;1;4;Josua 10|Josua 12|Josua 15|Richter 3
Beth-Horon;13;0.69;;1;9;1. Chronik 6|1. Könige 9|1. Samuel 13|2. Chronik 25|2. Chronik 8|Josua 10|Josua 16|Josua 18|Josua 21
Rimmon;13;0.62;;1;8;1. Chronik 4|2. Könige 5|2. Samuel 4|Josua 15|Josua 19|Richter 20|Richter 21|Sacharja 14
Mehl;13;1.0;;1;13;1. Könige 17|1. Könige 5|1. Samuel 1|1. Samuel 28|2. Könige 4|2. Samuel 17|Hesekiel 44|Hosea 8|Jesaja 47|Lukas 13|Matthäus 13|Nehemia 10|Richter 6
Obed;13;0.54;;1;7;1. Chronik 11|1. Chronik 2|1. Chronik 26|2. Chronik 23|Lukas 3|Matthäus 1|Ruth 4
Amminadab;13;0.69;;1;9;1. Chronik 15|1. Chronik 2|1. Chronik 6|2. Mose 6|4. Mose 1|4. Mose 10|4. Mose 2|4. Mose 7|Ruth 4
Kleinodien;13;0.85;;1;11;1. Samuel 6|2. Chronik 21|2. Samuel 1|Daniel 11|Esra 1|Hesekiel 23|Hosea 9|Jesaja 2|Joel 4|Klagelieder 1|Sprüche 8
Rechab;13;0.38;;1;5;1. Chronik 2|2. Könige 10|2. Samuel 4|Jeremia 35|Nehemia 3
Husai;13;0.38;;1;5;1. Chronik 27|1. Könige 4|2. Samuel 15|2. Samuel 16|2. Samuel 17
Remaljas;13;0.38;;1;5;2. Chronik 28|2. Könige 15|2. Könige 16|Jesaja 7|Jesaja 8
Jozadak;13;0.62;;1;8;1. Chronik 5|Esra 10|Esra 3|Esra 5|Haggai 1|Haggai 2|Nehemia 12|Sacharja 6
Iddo;13;0.77;;1;10;1. Chronik 6|1. Könige 4|2. Chronik 12|2. Chronik 13|2. Chronik 9|Esra 5|Esra 6|Esra 8|Nehemia 12|Sacharja 1
Jedaja;13;0.69;;1;9;1. Chronik 24|1. Chronik 4|1. Chronik 9|Esra 2|Nehemia 11|Nehemia 12|Nehemia 3|Nehemia 7|Sacharja 6
Mich;13;1.0;;1;13;Daniel 7|Galater 1|Hesekiel 11|Hohelied 3|Jeremia 2|Jeremia 5|Jeremia 8|Johannes 19|Klagelieder 3|Lukas 22|Markus 8|Matthäus 15|Psalmen 41
Andreas;13;0.77;;1;10;Apostelgeschichte 1|Johannes 1|Johannes 12|Johannes 6|Lukas 6|Markus 1|Markus 13|Markus 3|Matthäus 10|Matthäus 4
Martha;13;0.23;;1;3;Johannes 11|Johannes 12|Lukas 10
Silas;13;0.31;;1;4;Apostelgeschichte 15|Apostelgeschichte 16|Apostelgeschichte 17|Apostelgeschichte 18
Festus;13;0.23;;1;3;Apostelgeschichte 24|Apostelgeschichte 25|Apostelgeschichte 26
Natur;13;0.77;;1;10;1. Korinther 11|2. Petrus 1|2. Petrus 2|Epheser 2|Galater 2|Galater 4|Jakobus 3|Judas 1|Römer 11|Römer 2
Disteln;12;0.92;;1;11;1. Mose 3|Hebräer 6|Hesekiel 2|Hosea 10|Hosea 9|Jesaja 32|Jesaja 34|Jesaja 5|Matthäus 7|Richter 8|Sprüche 24
Quellen;12;1.0;;1;12;1. Mose 36|1. Mose 7|5. Mose 8|Jesaja 15|Josua 11|Josua 13|Psalmen 104|Psalmen 74|Psalmen 87|Richter 1|Sprüche 5|Sprüche 8
Ophir;12;0.92;;1;11;1. Chronik 1|1. Chronik 29|1. Könige 10|1. Könige 22|1. Könige 9|1. Mose 10|2. Chronik 8|2. Chronik 9|Hiob 28|Jesaja 13|Psalmen 45
Zoar;12;0.58;;1;7;1. Mose 13|1. Mose 14|1. Mose 19|1. Mose 25|5. Mose 34|Jeremia 48|Jesaja 15
Schwefel;12;0.92;;1;11;1. Mose 19|5. Mose 29|Hesekiel 38|Hiob 18|Jesaja 34|Lukas 17|Offenbarung 14|Offenbarung 19|Offenbarung 21|Offenbarung 9|Psalmen 11
Kedar;12;0.83;;1;10;1. Chronik 1|1. Mose 25|Hesekiel 27|Hohelied 1|Jeremia 2|Jeremia 49|Jesaja 21|Jesaja 42|Jesaja 60|Psalmen 120
Timna;12;0.42;;1;5;1. Chronik 1|1. Mose 36|1. Mose 38|2. Chronik 28|Josua 15
Klagen;12;0.92;;1;11;1. Mose 37|5. Mose 1|Apostelgeschichte 25|Hesekiel 2|Jeremia 31|Jeremia 48|Jeremia 9|Jesaja 22|Joel 2|Matthäus 2|Prediger 3
Sorge;12;1.0;;1;12;1. Korinther 7|1. Mose 40|1. Petrus 5|2. Korinther 11|2. Könige 14|2. Könige 4|5. Mose 11|Jeremia 39|Jeremia 40|Lukas 10|Matthäus 13|Matthäus 28
Stoppeln;12;1.0;;1;12;2. Mose 15|2. Mose 5|Jeremia 13|Jesaja 33|Jesaja 40|Jesaja 41|Jesaja 47|Jesaja 5|Maleachi 3|Nahum 1|Obadja 1|Psalmen 83
Machli;12;0.5;;1;6;1. Chronik 23|1. Chronik 24|1. Chronik 6|2. Mose 6|4. Mose 3|Esra 8
Sichri;12;0.83;;1;10;1. Chronik 26|1. Chronik 27|1. Chronik 8|1. Chronik 9|2. Chronik 17|2. Chronik 23|2. Chronik 28|2. Mose 6|Nehemia 11|Nehemia 12
Abihu;12;0.67;;1;8;1. Chronik 24|1. Chronik 5|2. Mose 24|2. Mose 28|2. Mose 6|3. Mose 10|4. Mose 26|4. Mose 3
Netaneel;12;0.83;;1;10;1. Chronik 15|1. Chronik 2|1. Chronik 26|2. Chronik 17|4. Mose 1|4. Mose 10|4. Mose 2|4. Mose 7|Esra 10|Nehemia 12
Rahab;12;0.75;;1;9;Hebräer 11|Hiob 9|Jakobus 2|Jesaja 51|Josua 2|Josua 6|Matthäus 1|Psalmen 87|Psalmen 89
Megiddo;12;0.92;;1;11;1. Chronik 7|1. Könige 4|1. Könige 9|2. Chronik 35|2. Könige 23|2. Könige 9|Josua 12|Josua 17|Richter 1|Richter 5|Sacharja 12
Askalon;12;0.75;;1;9;1. Samuel 6|2. Samuel 1|Amos 1|Jeremia 25|Jeremia 47|Richter 1|Richter 14|Sacharja 9|Zephanja 2
Sebach;12;0.17;;1;2;Psalmen 83|Richter 8
Zoba;12;0.67;;1;8;1. Chronik 18|1. Chronik 19|1. Könige 11|1. Samuel 14|2. Samuel 10|2. Samuel 23|2. Samuel 8|Psalmen 60
Ners;12;0.5;;1;6;1. Chronik 26|1. Könige 2|1. Samuel 14|1. Samuel 26|2. Samuel 2|2. Samuel 3
Abinadab;12;0.83;;1;10;1. Chronik 10|1. Chronik 2|1. Chronik 8|1. Chronik 9|1. Könige 4|1. Samuel 16|1. Samuel 17|1. Samuel 31|1. Samuel 7|2. Samuel 6
Baana;12;0.67;;1;8;1. Chronik 11|1. Könige 4|2. Samuel 23|2. Samuel 4|Esra 2|Nehemia 10|Nehemia 3|Nehemia 7
Hadad-Eser;12;0.25;;1;3;1. Könige 11|2. Samuel 10|2. Samuel 8
Kidron;12;0.75;;1;9;1. Könige 15|1. Könige 2|2. Chronik 15|2. Chronik 29|2. Chronik 30|2. Könige 23|2. Samuel 15|Jeremia 31|Johannes 18
Barsillai;12;0.5;;1;6;1. Könige 2|2. Samuel 17|2. Samuel 19|2. Samuel 21|Esra 2|Nehemia 7
Gehasi;12;0.25;;1;3;2. Könige 4|2. Könige 5|2. Könige 8
Eljakim;12;0.67;;1;8;2. Chronik 36|2. Könige 18|2. Könige 19|2. Könige 23|Jesaja 22|Jesaja 36|Jesaja 37|Nehemia 12
Jehiel;12;0.75;;1;9;1. Chronik 11|1. Chronik 15|1. Chronik 16|1. Chronik 5|2. Chronik 20|2. Chronik 26|2. Chronik 29|Esra 10|Esra 8
Ornan;12;0.17;;1;2;1. Chronik 21|2. Chronik 3
Perlen;12;0.92;;1;11;1. Timotheus 2|Hiob 28|Matthäus 13|Matthäus 7|Offenbarung 17|Offenbarung 18|Offenbarung 21|Sprüche 20|Sprüche 3|Sprüche 31|Sprüche 8
Retters;12;0.83;;1;10;1. Timotheus 1|2. Petrus 1|2. Petrus 2|2. Petrus 3|2. Timotheus 1|Lukas 1|Psalmen 106|Titus 1|Titus 2|Titus 3
Lahme;12;0.92;;1;11;Apostelgeschichte 8|Hebräer 12|Jeremia 31|Jesaja 35|Lukas 14|Lukas 7|Maleachi 1|Matthäus 11|Matthäus 15|Matthäus 21|Matthäus 4
Babylon;12;0.58;;1;7;1. Petrus 5|Apostelgeschichte 7|Matthäus 1|Offenbarung 14|Offenbarung 16|Offenbarung 17|Offenbarung 18
Almosen;12;0.58;;1;7;Apostelgeschichte 10|Apostelgeschichte 24|Apostelgeschichte 3|Apostelgeschichte 9|Lukas 11|Lukas 12|Matthäus 6
Thomas;12;0.67;;1;8;Apostelgeschichte 1|Johannes 11|Johannes 14|Johannes 20|Johannes 21|Lukas 6|Markus 3|Matthäus 10
Magdalena;12;0.67;;1;8;Johannes 19|Johannes 20|Lukas 24|Lukas 8|Markus 15|Markus 16|Matthäus 27|Matthäus 28
Agrippa;12;0.17;;1;2;Apostelgeschichte 25|Apostelgeschichte 26
Japhet;11;0.55;;1;6;1. Chronik 1|1. Mose 10|1. Mose 5|1. Mose 6|1. Mose 7|1. Mose 9
Dedan;11;0.73;;1;8;1. Chronik 1|1. Mose 10|1. Mose 25|Hesekiel 25|Hesekiel 27|Hesekiel 38|Jeremia 25|Jeremia 49
Chaldäa;11;0.82;;1;9;1. Mose 11|1. Mose 15|2. Könige 24|Hesekiel 11|Hesekiel 16|Hesekiel 23|Jeremia 50|Jeremia 51|Nehemia 9
Beer-Seba;11;0.64;;1;7;1. Mose 21|1. Mose 22|1. Samuel 8|Josua 15|Josua 19|Nehemia 11|Richter 20
Paran;11;0.82;;1;9;1. Könige 11|1. Mose 21|1. Samuel 25|4. Mose 10|4. Mose 12|4. Mose 13|5. Mose 1|5. Mose 33|Habakuk 3
Bilha;11;0.64;;1;7;1. Chronik 4|1. Chronik 7|1. Mose 29|1. Mose 30|1. Mose 35|1. Mose 37|1. Mose 46
Reguel;11;0.55;;1;6;1. Chronik 1|1. Chronik 9|1. Mose 36|2. Mose 2|4. Mose 10|4. Mose 2
Teman;11;0.64;;1;7;1. Chronik 1|1. Mose 36|Amos 1|Habakuk 3|Hesekiel 25|Jeremia 49|Josua 12
Kenas;11;0.55;;1;6;1. Chronik 1|1. Chronik 4|1. Mose 36|Josua 15|Richter 1|Richter 3
Beors;11;0.91;;1;10;1. Chronik 1|1. Mose 36|2. Petrus 2|4. Mose 22|4. Mose 24|4. Mose 31|5. Mose 23|Josua 13|Josua 24|Micha 6
Gersom;11;0.55;;1;6;1. Chronik 15|1. Chronik 26|1. Chronik 6|2. Mose 18|2. Mose 2|Esra 8
Fußvolk;11;1.0;;1;11;1. Chronik 18|1. Chronik 19|1. Könige 20|1. Samuel 15|1. Samuel 4|2. Könige 13|2. Mose 12|2. Samuel 10|2. Samuel 8|4. Mose 11|Richter 20
Zahn;11;0.45;;1;5;2. Mose 21|3. Mose 24|5. Mose 19|Matthäus 5|Sprüche 25
Seehundsfellen;11;0.45;;1;5;2. Mose 26|2. Mose 36|2. Mose 39|4. Mose 4|Hesekiel 16
Edelsteine;11;0.55;;1;6;1. Chronik 29|1. Könige 10|2. Chronik 9|2. Mose 35|Sacharja 9|Sprüche 17
Nahasson;11;0.73;;1;8;2. Mose 6|4. Mose 1|4. Mose 10|4. Mose 2|4. Mose 7|Lukas 3|Matthäus 1|Ruth 4
Brandopfern;11;0.91;;1;10;1. Chronik 21|1. Samuel 15|2. Chronik 29|4. Mose 10|4. Mose 29|Esra 6|Hosea 6|Josua 22|Micha 6|Psalmen 66
Bericht;11;1.0;;1;11;1. Chronik 21|1. Samuel 4|2. Könige 22|4. Mose 13|5. Mose 1|Apostelgeschichte 1|Daniel 7|Esra 5|Josua 14|Josua 22|Richter 18
Abiram;11;0.45;;1;5;1. Könige 16|4. Mose 16|4. Mose 26|5. Mose 11|Psalmen 106
Ribla;11;0.45;;1;5;2. Könige 23|2. Könige 25|4. Mose 34|Jeremia 39|Jeremia 52
Fleiß;11;0.91;;1;10;2. Korinther 7|2. Petrus 1|5. Mose 24|Apostelgeschichte 18|Apostelgeschichte 22|Esra 7|Hebräer 6|Lukas 15|Ruth 2|Römer 12
Kedesch;11;0.73;;1;8;1. Chronik 6|2. Könige 15|Josua 12|Josua 15|Josua 19|Josua 20|Josua 21|Richter 4
Zalmunna;11;0.09;;1;1;Richter 8
Michmas;11;0.55;;1;6;1. Samuel 13|1. Samuel 14|Esra 2|Jesaja 10|Nehemia 11|Nehemia 7
Ahimaaz;11;0.36;;1;4;1. Samuel 14|2. Samuel 15|2. Samuel 17|2. Samuel 18
Ischboset;11;0.27;;1;3;2. Samuel 2|2. Samuel 3|2. Samuel 4
Chanun;11;0.27;;1;3;1. Chronik 19|2. Samuel 10|Nehemia 3
Batseba;11;0.45;;1;5;1. Könige 1|1. Könige 2|2. Samuel 11|2. Samuel 12|Psalmen 51
Asaria;11;0.45;;1;5;2. Chronik 15|2. Chronik 22|2. Chronik 26|2. Könige 14|2. Könige 15
Pekach;11;0.36;;1;4;2. Chronik 28|2. Könige 15|2. Könige 16|Jesaja 7
Rezin;11;0.64;;1;7;2. Könige 15|2. Könige 16|Esra 2|Jesaja 7|Jesaja 8|Jesaja 9|Nehemia 7
Geschwätz;11;1.0;;1;11;1. Timotheus 1|1. Timotheus 6|2. Könige 18|Epheser 5|Hiob 11|Hiob 30|Jesaja 36|Prediger 5|Psalmen 90|Sprüche 14|Sprüche 8
Schallum;11;0.55;;1;6;1. Chronik 2|1. Chronik 3|1. Chronik 4|1. Chronik 5|1. Chronik 7|1. Chronik 9
Berechja;11;0.73;;1;8;1. Chronik 15|1. Chronik 3|1. Chronik 6|1. Chronik 9|2. Chronik 28|Nehemia 3|Nehemia 6|Sacharja 1
Ussi;11;0.64;;1;7;1. Chronik 5|1. Chronik 6|1. Chronik 7|1. Chronik 9|Esra 7|Nehemia 11|Nehemia 12
Elihu;11;0.73;;1;8;1. Chronik 12|1. Chronik 26|1. Chronik 27|1. Samuel 1|Hiob 32|Hiob 34|Hiob 35|Hiob 36
Harim;11;0.64;;1;7;1. Chronik 24|Esra 10|Esra 2|Nehemia 10|Nehemia 12|Nehemia 3|Nehemia 7
Malchija;11;0.64;;1;7;1. Chronik 24|Esra 10|Jeremia 21|Nehemia 10|Nehemia 11|Nehemia 12|Nehemia 3
Haggai;11;0.36;;1;4;Esra 5|Esra 6|Haggai 1|Haggai 2
Schlingen;11;1.0;;1;11;1. Timotheus 6|Jeremia 50|Jesaja 29|Micha 7|Obadja 1|Psalmen 11|Psalmen 119|Psalmen 140|Psalmen 38|Psalmen 64|Sprüche 22
Bethanien;11;0.73;;1;8;Johannes 11|Johannes 12|Lukas 19|Lukas 24|Markus 11|Markus 14|Matthäus 21|Matthäus 26
Zacharias;11;0.36;;1;4;Lukas 1|Lukas 11|Lukas 3|Matthäus 23
Ananias;11;0.45;;1;5;Apostelgeschichte 22|Apostelgeschichte 23|Apostelgeschichte 24|Apostelgeschichte 5|Apostelgeschichte 9
Geflügel;10;1.0;;1;10;1. Könige 5|1. Mose 1|1. Mose 7|1. Mose 8|3. Mose 1|3. Mose 17|3. Mose 7|5. Mose 14|Hesekiel 17|Nehemia 5
Gerar;10;0.4;;1;4;1. Mose 10|1. Mose 20|1. Mose 26|2. Chronik 14
Kalk;10;0.6;;1;6;1. Mose 11|5. Mose 27|Amos 2|Hesekiel 13|Hesekiel 22|Jesaja 33
Melchisedek;10;0.5;;1;5;1. Mose 14|Hebräer 5|Hebräer 6|Hebräer 7|Psalmen 110
Mamre;10;0.8;;1;8;1. Mose 13|1. Mose 14|1. Mose 18|1. Mose 23|1. Mose 25|1. Mose 35|1. Mose 49|1. Mose 50
Futter;10;0.8;;1;8;1. Mose 24|1. Mose 42|1. Mose 43|Hiob 24|Hiob 40|Hiob 6|Psalmen 147|Richter 19
Debora;10;0.3;;1;3;1. Mose 35|Richter 4|Richter 5
Kindeskinder;10;1.0;;1;10;1. Mose 45|2. Könige 17|2. Mose 10|5. Mose 4|5. Mose 6|Hesekiel 37|Hiob 42|Jesaja 59|Sprüche 13|Sprüche 17
Jethro;10;0.3;;1;3;2. Mose 18|2. Mose 3|2. Mose 4
Drei;10;0.6;;1;6;1. Chronik 11|2. Mose 8|2. Samuel 23|3. Mose 19|4. Mose 35|Sprüche 30
Schleifen;10;0.2;;1;2;2. Mose 26|2. Mose 36
Fußes;10;0.6;;1;6;2. Mose 29|3. Mose 14|3. Mose 8|Hesekiel 21|Josua 3|Psalmen 119
Brocken;10;0.7;;1;7;3. Mose 2|Johannes 6|Markus 6|Markus 8|Matthäus 14|Matthäus 15|Psalmen 147
Feuerflammen;10;1.0;;1;10;2. Thessalonicher 1|3. Mose 4|Daniel 7|Hebräer 1|Jesaja 29|Jesaja 30|Jesaja 66|Psalmen 104|Psalmen 105|Psalmen 29
Rechob;10;0.8;;1;8;1. Chronik 6|2. Samuel 10|2. Samuel 8|4. Mose 13|Josua 19|Josua 21|Nehemia 10|Richter 1
Datan;10;0.4;;1;4;4. Mose 16|4. Mose 26|5. Mose 11|Psalmen 106
Speisopfern;10;0.4;;1;4;4. Mose 18|4. Mose 29|Esra 7|Jesaja 43
Zelophchad;10;0.5;;1;5;1. Chronik 7|4. Mose 26|4. Mose 27|4. Mose 36|Josua 17
Kadesch-Barnea;10;0.8;;1;8;4. Mose 32|4. Mose 34|5. Mose 1|5. Mose 2|5. Mose 9|Josua 10|Josua 14|Josua 15
Jair;10;0.8;;1;8;1. Chronik 2|1. Chronik 20|1. Könige 4|4. Mose 32|5. Mose 3|Esther 2|Josua 13|Richter 10
Ajalon;10;1.0;;1;10;1. Chronik 6|1. Chronik 8|1. Samuel 14|2. Chronik 11|2. Chronik 28|Josua 10|Josua 19|Josua 21|Richter 1|Richter 12
Adar;10;0.5;;1;5;Esra 6|Esther 3|Esther 8|Esther 9|Josua 15
Siph;10;0.6;;1;6;1. Chronik 2|1. Chronik 4|1. Samuel 23|1. Samuel 26|2. Chronik 11|Josua 15
Zorea;10;0.7;;1;7;2. Chronik 11|Josua 15|Josua 19|Nehemia 11|Richter 13|Richter 16|Richter 18
Tabor;10;0.8;;1;8;1. Chronik 6|1. Samuel 10|Hosea 5|Jeremia 46|Josua 19|Psalmen 89|Richter 4|Richter 8
Führer;10;0.6;;1;6;Hebräer 13|Hiob 39|Jesaja 3|Jesaja 9|Matthäus 23|Richter 5
Bethlehem-Juda;10;0.4;;1;4;1. Samuel 17|Richter 17|Richter 19|Ruth 1
Arges;10;1.0;;1;10;1. Samuel 29|Johannes 3|Matthäus 5|Matthäus 9|Nahum 1|Psalmen 109|Psalmen 21|Psalmen 36|Sacharja 7|Sacharja 8
Sephatja;10;0.8;;1;8;1. Chronik 12|1. Chronik 9|2. Samuel 3|Esra 2|Esra 8|Jeremia 38|Nehemia 11|Nehemia 7
Edelsteinen;10;0.9;;1;9;1. Chronik 20|2. Chronik 32|2. Samuel 12|Daniel 11|Hesekiel 27|Hesekiel 28|Offenbarung 17|Offenbarung 18|Offenbarung 21
Rate;10;1.0;;1;10;2. Samuel 16|Apostelgeschichte 23|Apostelgeschichte 24|Apostelgeschichte 4|Apostelgeschichte 5|Apostelgeschichte 6|Galater 1|Hosea 10|Jeremia 23|Psalmen 1
Gewalttat;10;0.9;;1;9;2. Samuel 22|Amos 6|Habakuk 1|Jeremia 20|Jeremia 6|Jesaja 59|Jesaja 60|Nahum 3|Sprüche 10
Jehojachin;10;0.3;;1;3;2. Chronik 36|2. Könige 24|2. Könige 25
Zephanja;10;0.8;;1;8;1. Chronik 6|2. Könige 25|Jeremia 21|Jeremia 29|Jeremia 37|Jeremia 52|Sacharja 6|Zephanja 1
Eliel;10;0.7;;1;7;1. Chronik 11|1. Chronik 12|1. Chronik 15|1. Chronik 5|1. Chronik 6|1. Chronik 8|2. Chronik 31
Selemja;10;0.7;;1;7;1. Chronik 26|Esra 10|Jeremia 36|Jeremia 37|Jeremia 38|Nehemia 13|Nehemia 3
Huram;10;0.4;;1;4;2. Chronik 2|2. Chronik 4|2. Chronik 8|2. Chronik 9
Sanballat;10;0.5;;1;5;Nehemia 13|Nehemia 2|Nehemia 3|Nehemia 4|Nehemia 6
Vasti;10;0.2;;1;2;Esther 1|Esther 2
Trug;10;0.7;;1;7;Hesekiel 13|Hesekiel 22|Psalmen 10|Psalmen 24|Psalmen 36|Psalmen 7|Römer 1
Nerijas;10;0.5;;1;5;Jeremia 32|Jeremia 36|Jeremia 43|Jeremia 45|Jeremia 51
Beltsazar;10;0.5;;1;5;Daniel 1|Daniel 10|Daniel 2|Daniel 4|Daniel 5
Feuerofen;10;0.2;;1;2;Daniel 3|Matthäus 13
Joppe;10;0.3;;1;3;Apostelgeschichte 10|Apostelgeschichte 11|Apostelgeschichte 9
Achaja;10;0.8;;1;8;1. Korinther 16|1. Thessalonicher 1|2. Korinther 1|2. Korinther 11|2. Korinther 9|Apostelgeschichte 18|Apostelgeschichte 19|Römer 15
Apollos;10;0.7;;1;7;1. Korinther 1|1. Korinther 16|1. Korinther 3|1. Korinther 4|Apostelgeschichte 18|Apostelgeschichte 19|Titus 3
Belial;10;1.0;;1;10;1. Samuel 1|1. Samuel 2|1. Samuel 25|2. Chronik 13|2. Korinther 6|2. Samuel 22|5. Mose 13|Psalmen 18|Richter 19|Richter 20
Kusch;9;0.56;;1;5;1. Chronik 1|1. Mose 10|1. Mose 2|Jeremia 46|Psalmen 7
Zank;9;1.0;;1;9;1. Korinther 3|1. Mose 13|2. Korinther 12|2. Mose 17|Römer 1|Sprüche 13|Sprüche 15|Sprüche 17|Sprüche 20
Fürbitte;9;1.0;;1;9;1. Mose 20|2. Korinther 1|2. Könige 19|Jeremia 11|Jeremia 15|Jeremia 27|Jeremia 7|Jesaja 16|Philipper 1
Hundert;9;0.56;;1;5;1. Mose 21|1. Samuel 22|2. Könige 11|2. Samuel 18|Lukas 16
Bethuel;9;0.44;;1;4;1. Mose 22|1. Mose 24|1. Mose 25|1. Mose 28
List;9;1.0;;1;9;1. Korinther 3|1. Mose 27|2. Korinther 11|2. Korinther 12|2. Könige 10|Apostelgeschichte 13|Josua 9|Markus 14|Matthäus 26
Übles;9;1.0;;1;9;1. Könige 21|1. Mose 31|1. Samuel 25|1. Samuel 29|5. Mose 4|Hiob 10|Jeremia 25|Josua 24|Richter 15
Gegenwart;9;1.0;;1;9;1. Mose 31|2. Chronik 34|2. Korinther 10|Esther 1|Galater 4|Jeremia 52|Josua 10|Philipper 2|Sprüche 17
Serah;9;0.44;;1;4;1. Chronik 9|1. Mose 36|1. Mose 46|4. Mose 26
Adullam;9;1.0;;1;9;1. Chronik 11|1. Mose 38|1. Samuel 22|2. Chronik 11|2. Samuel 23|Josua 12|Josua 15|Micha 1|Nehemia 11
Beria;9;0.44;;1;4;1. Chronik 7|1. Chronik 8|1. Mose 46|4. Mose 26
Jizhar;9;0.67;;1;6;1. Chronik 23|1. Chronik 5|1. Chronik 6|2. Mose 6|4. Mose 16|4. Mose 3
Blei;9;0.89;;1;8;2. Mose 15|4. Mose 31|Hesekiel 22|Hesekiel 27|Hiob 19|Jeremia 6|Jesaja 1|Sacharja 5
Schaufeln;9;0.78;;1;7;1. Könige 7|2. Chronik 4|2. Könige 25|2. Mose 27|2. Mose 38|4. Mose 4|Jeremia 52
Bezaleel;9;0.89;;1;8;1. Chronik 2|2. Chronik 1|2. Mose 31|2. Mose 35|2. Mose 36|2. Mose 37|2. Mose 38|Esra 10
Elisama;9;0.67;;1;6;2. Chronik 17|2. Könige 25|4. Mose 1|4. Mose 7|Jeremia 36|Jeremia 41
Neues;9;0.89;;1;8;4. Mose 16|Apostelgeschichte 17|Jeremia 31|Jesaja 42|Jesaja 43|Jesaja 48|Matthäus 13|Prediger 1
Dibon;9;0.67;;1;6;4. Mose 21|4. Mose 32|Jeremia 48|Jesaja 15|Josua 13|Nehemia 11
Schläge;9;1.0;;1;9;5. Mose 25|Jesaja 27|Jesaja 30|Sprüche 17|Sprüche 18|Sprüche 19|Sprüche 20|Sprüche 27|Sprüche 6
Beulen;9;0.44;;1;4;1. Samuel 5|1. Samuel 6|5. Mose 28|Jesaja 1
Wermut;9;0.89;;1;8;5. Mose 29|Amos 5|Amos 6|Jeremia 23|Jeremia 9|Klagelieder 3|Offenbarung 8|Sprüche 5
Ehud;9;0.33;;1;3;1. Chronik 7|Richter 3|Richter 4
Gaal;9;0.11;;1;1;Richter 9
Stricken;9;0.78;;1;7;Hiob 40|Jeremia 38|Johannes 2|Psalmen 118|Richter 15|Richter 16|Sprüche 5
Eliphelet;9;0.78;;1;7;1. Chronik 14|1. Chronik 3|1. Chronik 8|2. Samuel 23|2. Samuel 5|Esra 10|Esra 8
Tekoa;9;0.78;;1;7;1. Chronik 2|1. Chronik 4|2. Chronik 11|2. Chronik 20|2. Samuel 14|Amos 1|Nehemia 3
Mutes;9;0.78;;1;7;1. Könige 8|2. Korinther 5|2. Samuel 17|Apostelgeschichte 24|Apostelgeschichte 27|Esther 5|Jakobus 5
Feuerglut;9;0.67;;1;6;2. Samuel 22|Hohelied 8|Offenbarung 16|Psalmen 140|Psalmen 18|Psalmen 58
Aravna;9;0.11;;1;1;2. Samuel 24
Nebenfrauen;9;0.67;;1;6;1. Chronik 3|1. Könige 11|2. Chronik 11|Daniel 5|Esther 2|Hohelied 6
Michajah;9;0.11;;1;1;1. Könige 22
Kleine;9;1.0;;1;9;1. Könige 22|1. Samuel 20|1. Samuel 22|1. Samuel 25|1. Samuel 30|2. Chronik 18|4. Mose 22|Hiob 3|Jeremia 16
Sebna;9;0.56;;1;5;2. Könige 18|2. Könige 19|Jesaja 22|Jesaja 36|Jesaja 37
Asaja;9;0.78;;1;7;1. Chronik 15|1. Chronik 4|1. Chronik 6|1. Chronik 9|2. Chronik 28|2. Chronik 34|2. Könige 22
Jehojakim;9;0.33;;1;3;2. Chronik 36|2. Könige 23|2. Könige 24
Chezron;9;0.33;;1;3;1. Chronik 2|1. Chronik 4|1. Chronik 5
Hilkija;9;0.78;;1;7;1. Chronik 5|1. Chronik 6|1. Chronik 9|Jesaja 22|Nehemia 11|Nehemia 12|Nehemia 8
Sebadja;9;0.89;;1;8;1. Chronik 12|1. Chronik 26|1. Chronik 27|1. Chronik 8|2. Chronik 17|2. Chronik 19|Esra 10|Esra 8
Adaja;9;0.78;;1;7;1. Chronik 6|1. Chronik 8|1. Chronik 9|2. Chronik 23|2. Könige 22|Esra 10|Nehemia 11
Psaltern;9;0.78;;1;7;1. Chronik 13|1. Chronik 15|1. Chronik 16|1. Chronik 25|2. Chronik 29|2. Chronik 5|Nehemia 12
Hadar-Eser;9;0.22;;1;2;1. Chronik 18|1. Chronik 19
Immer;9;0.89;;1;8;1. Chronik 24|1. Chronik 9|Esra 10|Esra 2|Jeremia 20|Nehemia 11|Nehemia 3|Nehemia 7
Sealtiels;9;0.56;;1;5;Esra 3|Esra 5|Haggai 1|Haggai 2|Nehemia 12
Scharen;9;0.89;;1;8;Hiob 10|Hiob 19|Hiob 25|Joel 4|Markus 10|Markus 3|Offenbarung 17|Psalmen 78
Unruhe;9;1.0;;1;9;Apostelgeschichte 17|Hiob 14|Jeremia 49|Jeremia 50|Jesaja 14|Lukas 10|Psalmen 38|Psalmen 39|Psalmen 55
Sinnen;9;0.78;;1;7;1. Korinther 14|2. Korinther 5|Apostelgeschichte 12|Apostelgeschichte 26|Johannes 10|Markus 3|Psalmen 119
Samarien;9;0.89;;1;8;Amos 3|Amos 8|Apostelgeschichte 15|Hosea 10|Hosea 7|Jeremia 31|Jesaja 10|Jesaja 8
Wölfe;9;1.0;;1;9;Apostelgeschichte 20|Habakuk 1|Hesekiel 22|Jesaja 13|Jesaja 34|Lukas 10|Matthäus 10|Matthäus 7|Zephanja 3
Elisabeth;9;0.11;;1;1;Lukas 1
Felix;9;0.33;;1;3;Apostelgeschichte 23|Apostelgeschichte 24|Apostelgeschichte 25
Lichter;8;0.88;;1;7;1. Mose 1|1. Samuel 28|5. Mose 33|Jakobus 1|Lukas 12|Philipper 2|Psalmen 136
Tubal;8;0.88;;1;7;1. Chronik 1|1. Mose 10|Hesekiel 27|Hesekiel 32|Hesekiel 38|Hesekiel 39|Jesaja 66
Butter;8;0.75;;1;6;1. Mose 18|2. Samuel 17|5. Mose 32|Jesaja 7|Richter 5|Sprüche 30
Eile;8;1.0;;1;8;1. Mose 19|1. Samuel 21|1. Samuel 23|2. Mose 12|Apostelgeschichte 22|Esther 6|Psalmen 38|Psalmen 70
Dina;8;0.38;;1;3;1. Mose 30|1. Mose 34|1. Mose 46
Ephrata;8;0.75;;1;6;1. Chronik 2|1. Chronik 4|1. Mose 35|1. Mose 48|Psalmen 132|Ruth 4
Oholibama;8;0.25;;1;2;1. Chronik 1|1. Mose 36
Zibeon;8;0.25;;1;2;1. Chronik 1|1. Mose 36
Ebal;8;0.62;;1;5;1. Chronik 1|1. Mose 36|5. Mose 11|5. Mose 27|Josua 8
Jobab;8;0.5;;1;4;1. Chronik 1|1. Chronik 8|1. Mose 36|Josua 11
Bozra;8;0.88;;1;7;1. Chronik 1|1. Mose 36|Amos 1|Jeremia 48|Jeremia 49|Jesaja 34|Jesaja 63
Säcken;8;1.0;;1;8;1. Mose 43|1. Mose 44|2. Könige 19|Esther 4|Jeremia 48|Jesaja 37|Joel 1|Offenbarung 11
Hezron;8;0.62;;1;5;1. Mose 46|2. Mose 6|4. Mose 26|Josua 15|Ruth 4
Karmi;8;0.88;;1;7;1. Chronik 2|1. Chronik 4|1. Chronik 5|1. Mose 46|2. Mose 6|4. Mose 26|Josua 7
Elon;8;0.88;;1;7;1. Könige 4|1. Mose 26|1. Mose 36|1. Mose 46|4. Mose 26|Josua 19|Richter 12
Misael;8;0.62;;1;5;2. Mose 6|3. Mose 10|Daniel 1|Daniel 2|Nehemia 8
Etam;8;0.62;;1;5;1. Chronik 4|2. Chronik 11|2. Mose 13|4. Mose 33|Richter 15
Handpauken;8;1.0;;1;8;1. Chronik 13|1. Samuel 10|1. Samuel 18|2. Mose 15|2. Samuel 6|Jeremia 31|Psalmen 68|Richter 11
Fladen;8;0.75;;1;6;1. Chronik 23|2. Mose 29|3. Mose 2|3. Mose 7|3. Mose 8|4. Mose 6
Reisen;8;0.75;;1;6;1. Könige 18|2. Korinther 11|2. Mose 40|4. Mose 33|5. Mose 2|5. Mose 33
Schuppen;8;0.5;;1;4;3. Mose 11|5. Mose 14|Apostelgeschichte 9|Hesekiel 29
Oliven;8;1.0;;1;8;3. Mose 24|5. Mose 28|Amos 4|Jakobus 3|Jesaja 17|Jesaja 24|Joel 1|Micha 6
Ammihuds;8;0.75;;1;6;1. Chronik 9|4. Mose 1|4. Mose 10|4. Mose 2|4. Mose 34|4. Mose 7
Elischama;8;0.88;;1;7;1. Chronik 14|1. Chronik 2|1. Chronik 3|1. Chronik 7|2. Samuel 5|4. Mose 10|4. Mose 2
Neumonden;8;1.0;;1;8;1. Chronik 23|2. Chronik 2|2. Chronik 31|2. Chronik 8|4. Mose 10|Esra 3|Hesekiel 46|Nehemia 10
Horma;8;1.0;;1;8;1. Samuel 30|4. Mose 14|4. Mose 21|5. Mose 1|Josua 12|Josua 15|Josua 19|Richter 1
Feigenbäume;8;1.0;;1;8;1. Könige 10|2. Chronik 1|2. Chronik 9|4. Mose 20|5. Mose 8|Amos 4|Nahum 3|Psalmen 105
Edrei;8;0.75;;1;6;4. Mose 21|5. Mose 1|5. Mose 3|Josua 12|Josua 13|Josua 19
Agag;8;0.25;;1;2;1. Samuel 15|4. Mose 24
Hepher;8;0.75;;1;6;1. Chronik 11|1. Könige 4|4. Mose 26|4. Mose 27|Josua 12|Josua 17
Erschlagene;8;1.0;;1;8;1. Chronik 5|4. Mose 31|Daniel 11|Hesekiel 28|Hesekiel 35|Hesekiel 6|Jeremia 14|Jeremia 51
Gaditern;8;0.75;;1;6;1. Chronik 12|5. Mose 29|5. Mose 3|Josua 1|Josua 12|Josua 22
Verlauf;8;0.75;;1;6;2. Samuel 11|5. Mose 14|5. Mose 31|Daniel 4|Jeremia 34|Jesaja 23
Bollwerke;8;0.88;;1;7;5. Mose 20|Hesekiel 17|Hesekiel 21|Jesaja 29|Micha 4|Nahum 3|Psalmen 48
Schlägen;8;0.88;;1;7;2. Korinther 6|2. Samuel 7|5. Mose 28|Jesaja 14|Jesaja 60|Psalmen 89|Richter 15
Aphek;8;0.88;;1;7;1. Könige 20|1. Samuel 29|1. Samuel 4|2. Könige 13|Josua 12|Josua 13|Josua 19
Hinnom;8;0.75;;1;6;2. Chronik 28|2. Chronik 33|2. Könige 23|Josua 15|Josua 18|Nehemia 11
Rephaim;8;0.88;;1;7;1. Chronik 11|1. Chronik 14|2. Samuel 23|2. Samuel 5|Jesaja 17|Josua 15|Josua 18
Socho;8;0.75;;1;6;1. Chronik 4|1. Könige 4|1. Samuel 17|2. Chronik 11|2. Chronik 28|Josua 15
Ophra;8;0.75;;1;6;1. Chronik 4|1. Samuel 13|Josua 18|Richter 6|Richter 8|Richter 9
Sunem;8;0.62;;1;5;1. Könige 1|1. Könige 2|1. Samuel 28|2. Könige 4|Josua 19
Abdon;8;0.75;;1;6;1. Chronik 6|1. Chronik 8|1. Chronik 9|2. Chronik 34|Josua 21|Richter 12
Jeter;8;0.62;;1;5;1. Chronik 2|1. Chronik 4|1. Chronik 7|1. Könige 2|Richter 8
Flöten;8;0.5;;1;4;1. Könige 1|1. Samuel 10|Daniel 3|Jeremia 48
Nahas;8;0.62;;1;5;1. Chronik 19|1. Samuel 11|1. Samuel 12|2. Samuel 10|2. Samuel 17
Gilboa;8;0.62;;1;5;1. Chronik 10|1. Samuel 28|1. Samuel 31|2. Samuel 1|2. Samuel 21
Bichris;8;0.12;;1;1;2. Samuel 20
Asmavet;8;1.0;;1;8;1. Chronik 11|1. Chronik 12|1. Chronik 27|1. Chronik 8|1. Chronik 9|2. Samuel 23|Esra 2|Nehemia 12
Etan;8;0.62;;1;5;1. Chronik 15|1. Chronik 2|1. Chronik 6|1. Könige 5|Psalmen 89
Sprüche;8;1.0;;1;8;1. Könige 5|Hiob 29|Hiob 8|Prediger 12|Sprüche 1|Sprüche 10|Sprüche 24|Sprüche 25
Erstaunen;8;0.75;;1;6;1. Könige 10|2. Chronik 9|Apostelgeschichte 3|Apostelgeschichte 8|Jesaja 52|Psalmen 40
Gewürz;8;0.5;;1;4;1. Könige 10|2. Chronik 32|2. Chronik 9|Hesekiel 27
Dünger;8;1.0;;1;8;2. Könige 9|Jeremia 16|Jeremia 25|Jeremia 8|Jeremia 9|Lukas 13|Lukas 14|Psalmen 83
Menachem;8;0.12;;1;1;2. Könige 15
Ussija;8;0.62;;1;5;1. Chronik 6|2. Könige 15|Hosea 1|Jesaja 1|Jesaja 6
Necho;8;0.5;;1;4;2. Chronik 35|2. Chronik 36|2. Könige 23|Jeremia 46
Jerachmeel;8;0.38;;1;3;1. Chronik 2|1. Chronik 24|Jeremia 36
Sabad;8;0.62;;1;5;1. Chronik 11|1. Chronik 2|1. Chronik 7|2. Chronik 24|Esra 10
Pedaja;8;0.88;;1;7;1. Chronik 27|1. Chronik 3|2. Könige 23|Nehemia 11|Nehemia 13|Nehemia 3|Nehemia 8
Akkub;8;0.88;;1;7;1. Chronik 3|1. Chronik 9|Esra 2|Nehemia 11|Nehemia 12|Nehemia 7|Nehemia 8
Sakkur;8;0.88;;1;7;1. Chronik 24|1. Chronik 25|1. Chronik 4|Nehemia 10|Nehemia 12|Nehemia 13|Nehemia 3
Sechanja;8;0.88;;1;7;1. Chronik 24|2. Chronik 31|Esra 10|Esra 8|Nehemia 12|Nehemia 3|Nehemia 6
Nehemia;8;0.88;;1;7;Esra 2|Nehemia 1|Nehemia 10|Nehemia 12|Nehemia 3|Nehemia 7|Nehemia 8
Rehum;8;0.62;;1;5;Esra 2|Esra 4|Nehemia 10|Nehemia 12|Nehemia 3
Kadmiel;8;0.75;;1;6;Esra 2|Esra 3|Nehemia 10|Nehemia 12|Nehemia 7|Nehemia 9
Serebja;8;0.62;;1;5;Esra 8|Nehemia 10|Nehemia 12|Nehemia 8|Nehemia 9
Hasabja;8;0.62;;1;5;Esra 8|Nehemia 10|Nehemia 11|Nehemia 12|Nehemia 3
Wunsch;8;1.0;;1;8;Daniel 5|Esther 5|Jeremia 34|Psalmen 112|Psalmen 35|Römer 10|Sprüche 10|Sprüche 13
Frohlocken;8;1.0;;1;8;Apostelgeschichte 2|Hiob 20|Jeremia 48|Jesaja 16|Jesaja 35|Joel 1|Lukas 1|Psalmen 45
Diebe;8;1.0;;1;8;1. Korinther 6|Hiob 30|Jeremia 49|Joel 2|Johannes 10|Matthäus 6|Obadja 1|Sacharja 5
Anliegen;8;1.0;;1;8;1. Timotheus 4|Jeremia 11|Jeremia 20|Jeremia 51|Judas 1|Philipper 2|Philipper 4|Psalmen 55
Böcken;8;0.88;;1;7;Hebräer 10|Hebräer 9|Hesekiel 27|Hesekiel 34|Jeremia 51|Matthäus 25|Psalmen 66
Einfalt;8;1.0;;1;8;2. Korinther 1|2. Korinther 11|Apostelgeschichte 2|Epheser 6|Kolosser 3|Psalmen 101|Römer 12|Sprüche 1
Vergnügen;8;0.88;;1;7;2. Petrus 2|2. Timotheus 3|Jesaja 22|Jesaja 58|Prediger 10|Sprüche 10|Sprüche 21
Blutvergießen;8;1.0;;1;8;Hebräer 9|Hesekiel 22|Hesekiel 28|Hesekiel 35|Hesekiel 5|Jeremia 48|Jesaja 33|Sprüche 12
Paschhur;8;0.5;;1;4;1. Chronik 9|Jeremia 20|Jeremia 21|Jeremia 38
Kebar;8;0.5;;1;4;Hesekiel 1|Hesekiel 10|Hesekiel 3|Hesekiel 43
Belsazar;8;0.38;;1;3;Daniel 5|Daniel 7|Daniel 8
Amos;8;0.5;;1;4;Amos 1|Amos 7|Amos 8|Lukas 3
Mitknecht;8;0.75;;1;6;Kolosser 1|Kolosser 4|Matthäus 18|Offenbarung 19|Offenbarung 22|Philipper 4
Cilicien;8;0.88;;1;7;Apostelgeschichte 15|Apostelgeschichte 21|Apostelgeschichte 22|Apostelgeschichte 23|Apostelgeschichte 27|Apostelgeschichte 6|Galater 1
Kornelius;8;0.12;;1;1;Apostelgeschichte 10
Markus;8;0.75;;1;6;1. Petrus 5|2. Timotheus 4|Apostelgeschichte 12|Apostelgeschichte 15|Kolosser 4|Philemon 1
Streitfragen;8;1.0;;1;8;1. Timotheus 1|1. Timotheus 6|2. Timotheus 2|Apostelgeschichte 18|Apostelgeschichte 23|Apostelgeschichte 25|Apostelgeschichte 26|Titus 3
Gewalten;8;1.0;;1;8;1. Petrus 3|Epheser 3|Epheser 6|Kolosser 1|Kolosser 2|Römer 13|Römer 8|Titus 3
Gefahren;8;0.12;;1;1;2. Korinther 11
Javan;7;0.57;;1;4;1. Chronik 1|1. Mose 10|Hesekiel 27|Jesaja 66
Mesech;7;0.86;;1;6;1. Mose 10|Hesekiel 27|Hesekiel 32|Hesekiel 38|Hesekiel 39|Psalmen 120
Hams;7;0.71;;1;5;1. Chronik 1|1. Mose 10|Psalmen 105|Psalmen 106|Psalmen 78
Sinear;7;0.86;;1;6;1. Mose 10|1. Mose 11|1. Mose 14|Daniel 1|Jesaja 11|Sacharja 5
Zeboim;7;0.86;;1;6;1. Mose 10|1. Mose 14|1. Samuel 13|5. Mose 29|Hosea 11|Nehemia 11
Nahors;7;0.71;;1;5;1. Mose 11|1. Mose 24|1. Mose 29|1. Mose 31|Josua 24
Kirjataim;7;0.86;;1;6;1. Chronik 6|1. Mose 14|4. Mose 32|Hesekiel 25|Jeremia 48|Josua 13
Arioch;7;0.29;;1;2;1. Mose 14|Daniel 2
Mutwillen;7;0.86;;1;6;1. Mose 21|1. Mose 39|1. Samuel 31|4. Mose 22|Hesekiel 16|Richter 19
Silpa;7;0.71;;1;5;1. Mose 29|1. Mose 30|1. Mose 35|1. Mose 37|1. Mose 46
Leas;7;0.57;;1;4;1. Mose 30|1. Mose 31|1. Mose 34|1. Mose 35
Pheresitern;7;1.0;;1;7;1. Könige 9|1. Mose 34|2. Chronik 8|2. Mose 23|5. Mose 20|Esra 9|Richter 3
Lotan;7;0.29;;1;2;1. Chronik 1|1. Mose 36
Onan;7;0.57;;1;4;1. Chronik 2|1. Mose 38|1. Mose 46|4. Mose 26
Jachin;7;1.0;;1;7;1. Chronik 24|1. Chronik 9|1. Könige 7|1. Mose 46|2. Chronik 3|4. Mose 26|Nehemia 11
Gads;7;0.86;;1;6;1. Chronik 21|1. Chronik 29|1. Chronik 5|1. Mose 46|4. Mose 26|Hesekiel 48
Dans;7;0.71;;1;5;1. Mose 46|2. Chronik 2|4. Mose 2|4. Mose 26|Richter 18
Zehe;7;0.43;;1;3;2. Mose 29|3. Mose 14|3. Mose 8
Muschi;7;0.57;;1;4;1. Chronik 23|1. Chronik 24|1. Chronik 6|4. Mose 3
Zoan;7;0.71;;1;5;4. Mose 13|Hesekiel 30|Jesaja 19|Jesaja 30|Psalmen 78
Abarim;7;0.86;;1;6;4. Mose 21|4. Mose 27|4. Mose 33|5. Mose 32|Hesekiel 39|Jeremia 22
Jahza;7;1.0;;1;7;1. Chronik 6|4. Mose 21|5. Mose 2|Jeremia 48|Josua 13|Josua 21|Richter 11
Zippors;7;0.57;;1;4;4. Mose 22|4. Mose 23|Josua 24|Richter 11
Zauberei;7;1.0;;1;7;2. Chronik 33|2. Könige 9|4. Mose 23|Apostelgeschichte 8|Galater 5|Nahum 3|Offenbarung 18
Ezjon-Geber;7;0.86;;1;6;1. Könige 22|1. Könige 9|2. Chronik 20|2. Chronik 8|4. Mose 33|5. Mose 2
Freistatt;7;0.14;;1;1;4. Mose 35
Wasserbäche;7;1.0;;1;7;5. Mose 10|5. Mose 8|Jesaja 32|Joel 1|Klagelieder 3|Psalmen 18|Sprüche 5
Enak;7;0.71;;1;5;4. Mose 13|5. Mose 9|Josua 15|Josua 21|Richter 1
Beth-Aven;7;1.0;;1;7;1. Samuel 13|1. Samuel 14|Hosea 10|Hosea 4|Hosea 5|Josua 18|Josua 7
Jarmut;7;0.71;;1;5;Josua 10|Josua 12|Josua 15|Josua 21|Nehemia 11
Aseka;7;0.86;;1;6;1. Samuel 17|2. Chronik 11|Jeremia 34|Josua 10|Josua 15|Nehemia 11
Makeda;7;0.14;;1;1;Josua 10
Jabin;7;0.43;;1;3;Josua 11|Psalmen 83|Richter 4
Otniel;7;0.71;;1;5;1. Chronik 27|1. Chronik 4|Josua 15|Richter 1|Richter 3
Estaol;7;0.71;;1;5;Josua 15|Josua 19|Richter 13|Richter 16|Richter 18
Maon;7;0.57;;1;4;1. Chronik 2|1. Samuel 23|1. Samuel 25|Josua 15
Gedor;7;0.71;;1;5;1. Chronik 12|1. Chronik 4|1. Chronik 8|1. Chronik 9|Josua 15
Abieser;7;1.0;;1;7;1. Chronik 11|1. Chronik 27|1. Chronik 7|2. Samuel 23|Josua 17|Richter 6|Richter 8
Fackeln;7;0.86;;1;6;Hesekiel 1|Hiob 41|Johannes 18|Nahum 2|Richter 15|Richter 7
Oreb;7;0.57;;1;4;Jesaja 10|Psalmen 83|Richter 7|Richter 8
Libanons;7;1.0;;1;7;Hesekiel 31|Jesaja 14|Jesaja 2|Jesaja 35|Nahum 1|Psalmen 104|Richter 9
Elis;7;0.71;;1;5;1. Könige 2|1. Samuel 1|1. Samuel 14|1. Samuel 2|1. Samuel 4
Achinoam;7;1.0;;1;7;1. Chronik 3|1. Samuel 14|1. Samuel 25|1. Samuel 27|1. Samuel 30|2. Samuel 2|2. Samuel 3
Steinmetzen;7;0.86;;1;6;1. Chronik 22|1. Könige 5|2. Chronik 24|2. Könige 12|2. Samuel 5|Esra 3
Posaunenschall;7;1.0;;1;7;2. Samuel 6|Amos 2|Jeremia 42|Matthäus 24|Psalmen 150|Psalmen 33|Psalmen 98
Pleter;7;0.71;;1;5;1. Chronik 18|1. Könige 1|2. Samuel 15|2. Samuel 20|2. Samuel 8
Ittai;7;0.29;;1;2;2. Samuel 15|2. Samuel 18
Bani;7;1.57;;1;11;1. Chronik 6|1. Chronik 9|2. Samuel 23|Esra 10|Esra 2|Esra 8|Nehemia 10|Nehemia 11|Nehemia 3|Nehemia 8|Nehemia 9
Elfenbein;7;0.57;;1;4;1. Könige 10|2. Chronik 9|Hesekiel 27|Hohelied 5
Sisak;7;0.43;;1;3;1. Könige 11|1. Könige 14|2. Chronik 12
Achbor;7;0.71;;1;5;1. Chronik 1|1. Mose 36|2. Könige 22|Jeremia 26|Jeremia 36
Meschullam;7;0.57;;1;4;1. Chronik 3|1. Chronik 5|1. Chronik 8|1. Chronik 9
Eljoenai;7;0.86;;1;6;1. Chronik 26|1. Chronik 3|1. Chronik 4|1. Chronik 7|Esra 10|Nehemia 12
Delaja;7;0.86;;1;6;1. Chronik 24|1. Chronik 3|Esra 2|Jeremia 36|Nehemia 6|Nehemia 7
Secharja;7;0.57;;1;4;1. Chronik 5|1. Chronik 9|Nehemia 11|Nehemia 12
Merajot;7;0.86;;1;6;1. Chronik 5|1. Chronik 6|1. Chronik 9|Esra 7|Nehemia 11|Nehemia 12
Jerimot;7;1.0;;1;7;1. Chronik 12|1. Chronik 24|1. Chronik 25|1. Chronik 27|1. Chronik 7|2. Chronik 11|2. Chronik 31
Azel;7;0.43;;1;3;1. Chronik 8|1. Chronik 9|Sacharja 14
Jojarib;7;0.71;;1;5;1. Chronik 24|1. Chronik 9|Esra 8|Nehemia 11|Nehemia 12
Mattitja;7;0.86;;1;6;1. Chronik 15|1. Chronik 16|1. Chronik 25|1. Chronik 9|Esra 10|Nehemia 8
Sebanja;7;0.57;;1;4;1. Chronik 15|Nehemia 10|Nehemia 12|Nehemia 9
Saron;7;1.0;;1;7;1. Chronik 27|1. Chronik 5|Apostelgeschichte 9|Hohelied 2|Jesaja 33|Jesaja 35|Jesaja 65
Marescha;7;0.86;;1;6;1. Chronik 2|1. Chronik 4|2. Chronik 11|2. Chronik 14|2. Chronik 20|Micha 1
Alte;7;1.0;;1;7;2. Chronik 36|2. Korinther 5|Esther 3|Jeremia 6|Jesaja 65|Klagelieder 2|Matthäus 13
Binnui;7;0.86;;1;6;Esra 10|Esra 8|Nehemia 10|Nehemia 12|Nehemia 3|Nehemia 7
Hanan;7;0.71;;1;5;Esra 2|Nehemia 10|Nehemia 13|Nehemia 7|Nehemia 8
Donnerstimme;7;1.0;;1;7;Hiob 39|Hiob 40|Jesaja 33|Offenbarung 6|Psalmen 104|Psalmen 77|Psalmen 81
Kohlen;7;1.0;;1;7;Hesekiel 1|Hesekiel 10|Hiob 41|Römer 12|Sprüche 25|Sprüche 26|Sprüche 6
Flehens;7;0.86;;1;6;Psalmen 130|Psalmen 140|Psalmen 28|Psalmen 31|Psalmen 66|Psalmen 86
Trümmern;7;1.0;;1;7;Daniel 9|Haggai 1|Hesekiel 36|Jeremia 10|Jeremia 44|Jeremia 49|Psalmen 74
Zeugnissen;7;0.29;;1;2;Jeremia 44|Psalmen 119
Befehlen;7;0.14;;1;1;Psalmen 119
Scharlach;7;0.86;;1;6;Jeremia 4|Jesaja 1|Nahum 2|Offenbarung 17|Offenbarung 18|Sprüche 31
Noph;7;0.71;;1;5;Hesekiel 30|Jeremia 2|Jeremia 44|Jeremia 46|Jesaja 19
Arabien;7;0.86;;1;6;1. Könige 10|Galater 1|Galater 4|Hesekiel 30|Jeremia 25|Jesaja 21
Unterlaß;7;0.86;;1;6;1. Thessalonicher 5|Apostelgeschichte 10|Daniel 6|Jesaja 58|Jesaja 59|Nahum 3
Tachpanches;7;0.71;;1;5;Hesekiel 30|Jeremia 2|Jeremia 43|Jeremia 44|Jeremia 46
Beelzebul;7;0.57;;1;4;Lukas 11|Markus 3|Matthäus 10|Matthäus 12
Bethsaida;7;1.0;;1;7;Johannes 1|Johannes 12|Lukas 10|Lukas 9|Markus 6|Markus 8|Matthäus 11
Cypern;7;0.86;;1;6;Apostelgeschichte 11|Apostelgeschichte 13|Apostelgeschichte 15|Apostelgeschichte 21|Apostelgeschichte 27|Apostelgeschichte 4
Korinth;7;0.86;;1;6;1. Korinther 1|2. Korinther 1|2. Timotheus 4|Apostelgeschichte 18|Apostelgeschichte 19|Römer 16
Willens;7;0.57;;1;4;2. Korinther 8|Epheser 1|Hebräer 10|Kolosser 1
Laodizea;7;0.57;;1;4;Kolosser 2|Kolosser 4|Offenbarung 1|Offenbarung 3
Chavila;6;0.67;;1;4;1. Chronik 1|1. Mose 10|1. Mose 2|1. Mose 25
Sems;6;0.67;;1;4;1. Chronik 1|1. Mose 10|1. Mose 11|1. Mose 9
Joktan;6;0.33;;1;2;1. Chronik 1|1. Mose 10
Scheba;6;0.67;;1;4;1. Chronik 1|1. Mose 10|1. Mose 25|1. Mose 26
Schur;6;1.0;;1;6;1. Mose 16|1. Mose 20|1. Mose 25|1. Samuel 15|1. Samuel 27|5. Mose 18
Kirjat-Arba;6;1.0;;1;6;1. Mose 23|Josua 14|Josua 15|Josua 20|Nehemia 11|Richter 1
Machpelah;6;0.67;;1;4;1. Mose 23|1. Mose 25|1. Mose 49|1. Mose 50
Massa;6;1.0;;1;6;1. Chronik 1|1. Mose 25|2. Mose 17|5. Mose 33|5. Mose 6|5. Mose 9
Basmath;6;0.33;;1;2;1. Mose 26|1. Mose 36
Verdruß;6;1.0;;1;6;1. Mose 26|Esther 1|Prediger 2|Prediger 5|Prediger 7|Sprüche 17
Gewahrsam;6;1.0;;1;6;1. Mose 40|1. Mose 41|4. Mose 15|Apostelgeschichte 24|Apostelgeschichte 25|Apostelgeschichte 5
Vorrat;6;0.83;;1;5;1. Chronik 22|1. Mose 41|2. Chronik 17|Jakobus 1|Lukas 12
Jamin;6;1.0;;1;6;1. Chronik 2|1. Chronik 4|1. Mose 46|2. Mose 6|4. Mose 26|Nehemia 8
Abib;6;0.67;;1;4;2. Mose 13|2. Mose 23|2. Mose 34|5. Mose 16
Migdol;6;1.0;;1;6;2. Mose 14|4. Mose 33|Hesekiel 29|Hesekiel 30|Jeremia 44|Jeremia 46
Mara;6;0.5;;1;3;2. Mose 15|4. Mose 33|Ruth 1
Pflicht;6;1.0;;1;6;1. Korinther 7|1. Timotheus 5|2. Mose 15|2. Mose 21|Psalmen 81|Römer 15
Elim;6;0.67;;1;4;2. Mose 15|2. Mose 16|4. Mose 33|Jesaja 15
Palmbäume;6;0.67;;1;4;1. Könige 7|2. Mose 15|Hesekiel 40|Hesekiel 41
Hevitern;6;1.0;;1;6;1. Könige 9|2. Chronik 8|2. Mose 23|5. Mose 20|Josua 9|Richter 3
Jebusitern;6;1.0;;1;6;1. Könige 9|2. Chronik 8|2. Mose 23|5. Mose 20|Esra 9|Richter 3
Stoffe;6;0.83;;1;5;2. Mose 25|2. Mose 28|2. Mose 35|2. Mose 36|2. Mose 39
Schohamsteine;6;0.83;;1;5;1. Chronik 29|2. Mose 25|2. Mose 28|2. Mose 35|2. Mose 39
Gabeln;6;1.0;;1;6;1. Chronik 28|1. Samuel 13|2. Chronik 4|2. Mose 27|2. Mose 38|4. Mose 4
Einfassungen;6;0.67;;1;4;1. Chronik 29|2. Mose 28|2. Mose 39|Hesekiel 28
Myrrhen;6;1.0;;1;6;2. Mose 30|Hohelied 3|Hohelied 4|Hohelied 5|Matthäus 2|Psalmen 45
Unrat;6;1.0;;1;6;3. Mose 1|Hesekiel 7|Jesaja 57|Matthäus 23|Nahum 3|Philipper 3
Wucher;6;0.67;;1;4;3. Mose 25|Hesekiel 18|Hesekiel 22|Nehemia 5
Saphat;6;0.83;;1;5;1. Chronik 27|1. Könige 19|2. Könige 3|2. Könige 6|4. Mose 13
Ammiel;6;0.83;;1;5;1. Chronik 26|1. Chronik 3|2. Samuel 17|2. Samuel 9|4. Mose 13
Talmai;6;1.0;;1;6;1. Chronik 3|2. Samuel 13|2. Samuel 3|4. Mose 13|Josua 15|Richter 1
Asriel;6;1.0;;1;6;1. Chronik 27|1. Chronik 5|1. Chronik 7|4. Mose 26|Jeremia 36|Josua 17
Genezareth;6;1.0;;1;6;1. Könige 15|4. Mose 34|5. Mose 3|Lukas 5|Markus 6|Matthäus 14
Ding;6;1.0;;1;6;5. Mose 1|5. Mose 4|Jakobus 3|Lukas 1|Markus 9|Sprüche 9
Riegeln;6;1.0;;1;6;1. Könige 4|1. Samuel 23|2. Chronik 14|2. Chronik 8|5. Mose 3|Richter 16
Zehntausenden;6;1.0;;1;6;5. Mose 33|Hebräer 12|Hohelied 5|Judas 1|Lukas 12|Psalmen 3
Achan;6;0.33;;1;2;Josua 22|Josua 7
Sabdi;6;0.67;;1;4;1. Chronik 27|1. Chronik 8|Josua 7|Nehemia 11
Taanach;6;1.0;;1;6;1. Chronik 7|1. Könige 4|Josua 12|Josua 17|Josua 21|Richter 5
Moza;6;0.67;;1;4;1. Chronik 2|1. Chronik 8|1. Chronik 9|Josua 18
Gibbeton;6;0.67;;1;4;1. Könige 15|1. Könige 16|Josua 19|Josua 21
Kison;6;0.67;;1;4;1. Könige 18|Psalmen 83|Richter 4|Richter 5
Jael;6;0.33;;1;2;Richter 4|Richter 5
Sebul;6;0.17;;1;1;Richter 9
Delila;6;0.17;;1;1;Richter 16
Elimelech;6;0.5;;1;3;Ruth 1|Ruth 2|Ruth 4
Eines;6;1.0;;1;6;1. Samuel 1|Lukas 12|Lukas 7|Psalmen 103|Psalmen 64|Römer 2
Stöcken;6;0.67;;1;4;1. Samuel 14|Lukas 22|Markus 14|Matthäus 26
Säuglinge;6;1.0;;1;6;1. Samuel 15|1. Samuel 22|Jeremia 44|Joel 2|Klagelieder 2|Matthäus 21
Najot;6;0.33;;1;2;1. Samuel 19|1. Samuel 20
Doeg;6;0.5;;1;3;1. Samuel 21|1. Samuel 22|Psalmen 52
Gutem;6;1.0;;1;6;1. Samuel 24|2. Samuel 16|Psalmen 103|Psalmen 107|Römer 12|Sacharja 1
Teiches;6;0.83;;1;5;2. Könige 18|2. Samuel 2|Jesaja 22|Jesaja 36|Jesaja 7
Besatzungen;6;0.5;;1;3;1. Chronik 18|2. Chronik 17|2. Samuel 8
Geschur;6;0.67;;1;4;1. Chronik 3|2. Samuel 13|2. Samuel 14|2. Samuel 15
Elas;6;0.83;;1;5;1. Chronik 4|1. Könige 4|2. Könige 15|2. Könige 17|2. Könige 18
Sandelholz;6;0.5;;1;3;1. Könige 10|2. Chronik 2|2. Chronik 9
Sacharia;6;0.83;;1;5;2. Chronik 20|2. Könige 14|2. Könige 15|2. Könige 18|Jesaja 8
Joah;6;0.33;;1;2;2. Könige 18|Jesaja 36
Arpad;6;1.0;;1;6;2. Könige 18|2. Könige 19|Jeremia 49|Jesaja 10|Jesaja 36|Jesaja 37
Schobal;6;0.5;;1;3;1. Chronik 1|1. Chronik 2|1. Chronik 4
Schammai;6;0.33;;1;2;1. Chronik 2|1. Chronik 4
Abichail;6;1.0;;1;6;1. Chronik 2|1. Chronik 5|2. Chronik 11|4. Mose 3|Esther 2|Esther 9
Schemaja;6;0.67;;1;4;1. Chronik 3|1. Chronik 4|1. Chronik 5|1. Chronik 9
Jerocham;6;0.67;;1;4;1. Chronik 6|1. Chronik 8|1. Chronik 9|1. Samuel 1
Jediael;6;0.67;;1;4;1. Chronik 11|1. Chronik 12|1. Chronik 26|1. Chronik 7
Jeremot;6;0.83;;1;5;1. Chronik 23|1. Chronik 25|1. Chronik 7|1. Chronik 8|Esra 10
Asareel;6;1.0;;1;6;1. Chronik 12|1. Chronik 25|1. Chronik 27|Esra 10|Nehemia 11|Nehemia 12
Chaschabja;6;0.83;;1;5;1. Chronik 25|1. Chronik 27|1. Chronik 6|1. Chronik 9|2. Chronik 35
Bigvai;6;0.67;;1;4;Esra 2|Esra 8|Nehemia 10|Nehemia 7
Ebed;6;0.33;;1;2;Esra 8|Richter 9
Elnatan;6;0.67;;1;4;2. Könige 24|Esra 8|Jeremia 26|Jeremia 36
Meremot;6;0.83;;1;5;Esra 10|Esra 8|Nehemia 10|Nehemia 12|Nehemia 3
Hodija;6;0.67;;1;4;1. Chronik 4|Nehemia 10|Nehemia 8|Nehemia 9
Pachat-Moab;6;1.0;;1;6;Esra 10|Esra 2|Esra 8|Nehemia 10|Nehemia 3|Nehemia 7
Bebai;6;0.83;;1;5;Esra 10|Esra 2|Esra 8|Nehemia 10|Nehemia 7
Scheu;6;1.0;;1;6;Hebräer 11|Hebräer 12|Hiob 11|Judas 1|Psalmen 64|Sacharja 12
Harre;6;0.83;;1;5;Psalmen 27|Psalmen 37|Psalmen 42|Psalmen 43|Sprüche 20
Schlacken;6;0.67;;1;4;Hesekiel 22|Jesaja 1|Psalmen 119|Sprüche 25
Vernunft;6;0.83;;1;5;1. Petrus 3|Römer 7|Sprüche 13|Sprüche 19|Sprüche 23
Besseres;6;0.83;;1;5;Hebräer 11|Hebräer 12|Prediger 2|Prediger 3|Prediger 8
Ebed-Melech;6;0.33;;1;2;Jeremia 38|Jeremia 39
Oholiba;6;0.17;;1;1;Hesekiel 23
Märkte;6;0.17;;1;1;Hesekiel 27
Joses;6;0.83;;1;5;Apostelgeschichte 4|Markus 15|Markus 6|Matthäus 13|Matthäus 27
Philippi;6;1.0;;1;6;1. Thessalonicher 2|Apostelgeschichte 16|Apostelgeschichte 20|Markus 8|Matthäus 16|Philipper 1
Alexander;6;0.83;;1;5;1. Timotheus 1|2. Timotheus 4|Apostelgeschichte 19|Apostelgeschichte 4|Markus 15
Kephas;6;1.0;;1;6;1. Korinther 1|1. Korinther 15|1. Korinther 3|1. Korinther 9|Galater 2|Johannes 1
Ikonium;6;0.67;;1;4;2. Timotheus 3|Apostelgeschichte 13|Apostelgeschichte 14|Apostelgeschichte 16
Lystra;6;0.5;;1;3;2. Timotheus 3|Apostelgeschichte 14|Apostelgeschichte 16
Galatien;6;1.0;;1;6;1. Korinther 16|1. Petrus 1|2. Timotheus 4|Apostelgeschichte 16|Apostelgeschichte 18|Galater 1
Troas;6;0.67;;1;4;2. Korinther 2|2. Timotheus 4|Apostelgeschichte 16|Apostelgeschichte 20
Thessalonich;6;0.67;;1;4;2. Timotheus 4|Apostelgeschichte 17|Apostelgeschichte 27|Philipper 4
Aquila;6;0.67;;1;4;1. Korinther 16|2. Timotheus 4|Apostelgeschichte 18|Römer 16
Naama;5;0.8;;1;4;1. Könige 14|1. Mose 4|2. Chronik 12|Josua 15
Stockwerk;5;0.6;;1;3;1. Könige 6|1. Mose 6|Hesekiel 41
Magog;5;1.0;;1;5;1. Chronik 1|1. Mose 10|Hesekiel 38|Hesekiel 39|Offenbarung 20
Adama;5;0.8;;1;4;1. Mose 10|1. Mose 14|5. Mose 29|Josua 19
Lots;5;0.8;;1;4;1. Mose 13|1. Mose 19|Lukas 17|Psalmen 83
Kedor-Laomer;5;0.2;;1;1;1. Mose 14
Haltet;5;1.0;;1;5;1. Mose 24|Apostelgeschichte 23|Jeremia 21|Jeremia 44|Römer 6
Zwillinge;5;1.0;;1;5;1. Mose 25|1. Mose 38|Apostelgeschichte 28|Hohelied 4|Hohelied 6
Ezer;5;0.4;;1;2;1. Chronik 1|1. Mose 36
Träumer;5;0.6;;1;3;1. Mose 37|5. Mose 13|Jeremia 27
Sklave;5;0.8;;1;4;1. Korinther 7|1. Mose 44|2. Petrus 2|Philemon 1
Pallu;5;0.8;;1;4;1. Chronik 5|1. Mose 46|2. Mose 6|4. Mose 26
Libni;5;0.6;;1;3;1. Chronik 6|2. Mose 6|4. Mose 3
Raphidim;5;0.6;;1;3;2. Mose 17|2. Mose 19|4. Mose 33
Erzeugnisse;5;0.6;;1;3;2. Mose 23|Hesekiel 27|Psalmen 78
Ziegenhaaren;5;0.8;;1;4;1. Samuel 19|2. Mose 25|2. Mose 26|2. Mose 36
Stoff;5;0.4;;1;2;2. Mose 28|Hesekiel 27
Uris;5;1.0;;1;5;1. Könige 4|2. Chronik 1|2. Mose 31|2. Mose 35|2. Mose 38
Oholiab;5;0.8;;1;4;2. Mose 31|2. Mose 35|2. Mose 36|2. Mose 38
Fellwerk;5;0.2;;1;1;3. Mose 13
Behaftete;5;0.2;;1;1;3. Mose 15
Selomit;5;0.8;;1;4;1. Chronik 23|2. Chronik 11|3. Mose 24|Esra 8
Widerstand;5;1.0;;1;5;2. Chronik 35|3. Mose 26|Jeremia 28|Jeremia 29|Prediger 4
Elizur;5;0.8;;1;4;4. Mose 1|4. Mose 10|4. Mose 2|4. Mose 7
Sedeurs;5;0.8;;1;4;4. Mose 1|4. Mose 10|4. Mose 2|4. Mose 7
Selumiel;5;0.8;;1;4;4. Mose 1|4. Mose 10|4. Mose 2|4. Mose 7
Zuri-Schaddais;5;0.8;;1;4;4. Mose 1|4. Mose 10|4. Mose 2|4. Mose 7
Zuars;5;0.8;;1;4;4. Mose 1|4. Mose 10|4. Mose 2|4. Mose 7
Helons;5;0.8;;1;4;4. Mose 1|4. Mose 10|4. Mose 2|4. Mose 7
Gamliel;5;0.8;;1;4;4. Mose 1|4. Mose 10|4. Mose 2|4. Mose 7
Pedazurs;5;0.8;;1;4;4. Mose 1|4. Mose 10|4. Mose 2|4. Mose 7
Abidan;5;0.8;;1;4;4. Mose 1|4. Mose 10|4. Mose 2|4. Mose 7
Ammi-Schaddais;5;0.8;;1;4;4. Mose 1|4. Mose 10|4. Mose 2|4. Mose 7
Pagiel;5;0.8;;1;4;4. Mose 1|4. Mose 10|4. Mose 2|4. Mose 7
Ochrans;5;0.8;;1;4;4. Mose 1|4. Mose 10|4. Mose 2|4. Mose 7
Eliasaph;5;0.8;;1;4;4. Mose 1|4. Mose 10|4. Mose 3|4. Mose 7
Ahira;5;0.8;;1;4;4. Mose 1|4. Mose 10|4. Mose 2|4. Mose 7
Enans;5;0.8;;1;4;4. Mose 1|4. Mose 10|4. Mose 2|4. Mose 7
Hazerot;5;0.8;;1;4;4. Mose 11|4. Mose 12|4. Mose 33|5. Mose 1
Sammua;5;1.0;;1;5;1. Chronik 14|2. Samuel 5|4. Mose 13|Nehemia 11|Nehemia 12
Arad;5;1.0;;1;5;1. Chronik 8|4. Mose 21|4. Mose 33|Josua 12|Richter 1
Medeba;5;0.8;;1;4;1. Chronik 19|4. Mose 21|Jesaja 15|Josua 13
Aloe;5;1.0;;1;5;4. Mose 24|Hohelied 4|Johannes 19|Psalmen 45|Sprüche 7
Sittim;5;1.0;;1;5;4. Mose 25|Joel 4|Josua 2|Josua 3|Micha 6
Tola;5;0.6;;1;3;1. Chronik 7|4. Mose 26|Richter 10
Machla;5;1.0;;1;5;1. Chronik 7|4. Mose 26|4. Mose 27|4. Mose 36|Josua 17
Rekem;5;0.8;;1;4;1. Chronik 2|1. Chronik 7|4. Mose 31|Josua 13
Eleale;5;0.8;;1;4;4. Mose 32|Jeremia 48|Jesaja 15|Jesaja 16
Sibma;5;0.8;;1;4;4. Mose 32|Jeremia 48|Jesaja 16|Josua 13
Astarot;5;0.8;;1;4;5. Mose 1|Josua 12|Josua 13|Josua 9
Streitigkeiten;5;1.0;;1;5;5. Mose 1|Hesekiel 44|Jakobus 4|Sprüche 23|Titus 3
Elat;5;0.6;;1;3;2. Könige 14|2. Könige 16|5. Mose 2
Argob;5;0.6;;1;3;1. Könige 4|2. Könige 15|5. Mose 3
Bezer;5;1.0;;1;5;1. Chronik 6|1. Chronik 7|5. Mose 4|Josua 20|Josua 21
Merke;5;1.0;;1;5;5. Mose 27|Hiob 33|Hiob 37|Jeremia 18|Psalmen 142
Vergilben;5;1.0;;1;5;1. Könige 8|2. Chronik 6|5. Mose 28|Amos 4|Haggai 2
Holzhauer;5;0.8;;1;4;2. Chronik 2|5. Mose 29|Jeremia 46|Josua 9
Mündige;5;1.0;;1;5;1. Könige 14|1. Könige 21|2. Könige 14|2. Könige 9|5. Mose 32
Achor;5;0.8;;1;4;Hosea 2|Jesaja 65|Josua 15|Josua 7
Japhia;5;1.0;;1;5;1. Chronik 14|1. Chronik 3|2. Samuel 5|Josua 10|Josua 19
Tappuach;5;0.8;;1;4;Josua 12|Josua 15|Josua 16|Josua 17
Baala;5;0.4;;1;2;1. Chronik 13|Josua 15
Sanoach;5;0.8;;1;4;1. Chronik 4|Josua 15|Nehemia 11|Nehemia 3
Engedi;5;0.8;;1;4;1. Samuel 24|2. Chronik 20|Hohelied 1|Josua 15
Beth-Sean;5;0.6;;1;3;1. Könige 4|Josua 17|Richter 1
Kana;5;0.8;;1;4;Johannes 2|Johannes 21|Johannes 4|Josua 19
Chosa;5;0.6;;1;3;1. Chronik 16|1. Chronik 26|Josua 19
Siseras;5;1.0;;1;5;1. Samuel 12|Esra 2|Nehemia 7|Richter 4|Richter 5
Nachtwache;5;1.0;;1;5;Lukas 12|Markus 6|Matthäus 14|Psalmen 90|Richter 7
Pnuel;5;0.4;;1;2;1. Könige 12|Richter 8
Eins;5;1.0;;1;5;Johannes 11|Lukas 18|Markus 10|Psalmen 27|Richter 8
Dodos;5;0.6;;1;3;1. Chronik 11|2. Samuel 23|Richter 10
Lechi;5;0.4;;1;2;2. Samuel 23|Richter 15
Gibea-Benjamin;5;0.6;;1;3;1. Samuel 13|1. Samuel 14|Richter 20
Hophni;5;0.6;;1;3;1. Samuel 1|1. Samuel 2|1. Samuel 4
Herzeleid;5;1.0;;1;5;1. Samuel 1|2. Korinther 2|Hesekiel 27|Jesaja 65|Sprüche 17
Dagons;5;0.4;;1;2;1. Chronik 10|1. Samuel 5
Wurfspieß;5;0.8;;1;4;1. Samuel 17|Hiob 39|Hiob 41|Jeremia 6
Kräften;5;1.0;;1;5;1. Samuel 28|2. Chronik 13|2. Korinther 12|2. Könige 23|Jesaja 39
Bachurim;5;1.0;;1;5;1. Könige 2|2. Samuel 16|2. Samuel 17|2. Samuel 19|2. Samuel 3
Achiluds;5;0.8;;1;4;1. Chronik 18|1. Könige 4|2. Samuel 20|2. Samuel 8
Sängerinnen;5;1.0;;1;5;2. Chronik 35|2. Samuel 19|Esra 2|Nehemia 7|Prediger 2
Chelez;5;0.8;;1;4;1. Chronik 11|1. Chronik 2|1. Chronik 27|2. Samuel 23
Abisag;5;0.4;;1;2;1. Könige 1|1. Könige 2
Gihon;5;0.6;;1;3;1. Könige 1|2. Chronik 32|2. Chronik 33
Churs;5;1.0;;1;5;1. Chronik 2|1. Chronik 4|1. Könige 4|2. Chronik 1|Nehemia 3
Zypressenholz;5;0.8;;1;4;1. Könige 5|1. Könige 6|1. Könige 9|2. Chronik 3
Kränze;5;0.4;;1;2;1. Könige 7|Apostelgeschichte 14
Skorpionen;5;0.6;;1;3;1. Könige 12|2. Chronik 10|Hesekiel 2
Unmündige;5;1.0;;1;5;1. Könige 14|1. Könige 21|2. Könige 14|2. Könige 9|Epheser 4
Nimsis;5;0.6;;1;3;1. Könige 19|2. Chronik 22|2. Könige 9
Mattan;5;0.8;;1;4;2. Chronik 23|2. Könige 11|Jeremia 38|Matthäus 1
Tribut;5;0.8;;1;4;2. Chronik 17|2. Chronik 26|2. Könige 17|Esther 10
Gosan;5;1.0;;1;5;1. Chronik 5|2. Könige 17|2. Könige 18|2. Könige 19|Jesaja 37
Sepharwaim;5;0.6;;1;3;2. Könige 17|2. Könige 18|2. Könige 19
Ackerleute;5;1.0;;1;5;1. Chronik 27|2. Chronik 26|2. Könige 25|Jeremia 52|Jesaja 61
Jischi;5;0.6;;1;3;1. Chronik 2|1. Chronik 4|1. Chronik 5
Scheschan;5;0.2;;1;1;1. Chronik 2
Schema;5;0.8;;1;4;1. Chronik 2|1. Chronik 5|1. Chronik 8|Nehemia 8
Chananja;5;0.6;;1;3;1. Chronik 25|1. Chronik 3|1. Chronik 8
Pelatja;5;0.8;;1;4;1. Chronik 3|1. Chronik 4|Hesekiel 11|Nehemia 10
Asrikam;5;0.8;;1;4;1. Chronik 3|1. Chronik 8|1. Chronik 9|Nehemia 11
Jachat;5;0.6;;1;3;1. Chronik 24|1. Chronik 4|1. Chronik 6
Rephaja;5;1.0;;1;5;1. Chronik 3|1. Chronik 4|1. Chronik 7|1. Chronik 9|Nehemia 3
Joach;5;0.8;;1;4;1. Chronik 26|1. Chronik 6|2. Chronik 29|2. Chronik 34
Uriel;5;0.8;;1;4;1. Chronik 15|1. Chronik 6|2. Chronik 13|Esra 8
Amasai;5;0.8;;1;4;1. Chronik 12|1. Chronik 15|1. Chronik 6|2. Chronik 29
Simea;5;0.8;;1;4;1. Chronik 20|1. Chronik 6|2. Könige 12|2. Samuel 13
Jeusch;5;0.8;;1;4;1. Chronik 23|1. Chronik 7|1. Chronik 8|2. Chronik 11
Kenaana;5;0.6;;1;3;1. Chronik 7|1. Könige 22|2. Chronik 18
Chanan;5;0.8;;1;4;1. Chronik 11|1. Chronik 8|1. Chronik 9|Jeremia 35
Talmon;5;1.0;;1;5;1. Chronik 9|Esra 2|Nehemia 11|Nehemia 12|Nehemia 7
Laedan;5;0.4;;1;2;1. Chronik 23|1. Chronik 26
Rechabja;5;0.6;;1;3;1. Chronik 23|1. Chronik 24|1. Chronik 26
Bezirke;5;1.0;;1;5;2. Chronik 11|Apostelgeschichte 20|Joel 4|Nehemia 3|Prediger 5
Hanani;5;1.6;;1;8;1. Könige 16|2. Chronik 16|2. Chronik 19|2. Chronik 20|Esra 10|Nehemia 1|Nehemia 12|Nehemia 7
Medien;5;1.0;;1;5;Esra 6|Esther 1|Esther 10|Jeremia 25|Jeremia 51
Malkija;5;0.8;;1;4;1. Chronik 6|1. Chronik 9|Jeremia 38|Nehemia 8
Tücher;5;0.8;;1;4;Esther 1|Johannes 19|Johannes 20|Lukas 24
Bildad;5;1.0;;1;5;Hiob 18|Hiob 2|Hiob 25|Hiob 42|Hiob 8
Galle;5;1.0;;1;5;Apostelgeschichte 8|Hiob 16|Hiob 20|Matthäus 27|Psalmen 69
Verkehrtes;5;1.0;;1;5;Hiob 27|Maleachi 2|Psalmen 92|Sprüche 2|Sprüche 8
Gewaltige;5;1.0;;1;5;1. Timotheus 6|Hesekiel 23|Hiob 34|Lukas 1|Prediger 7
Honigseim;5;1.0;;1;5;Hohelied 4|Psalmen 19|Sprüche 16|Sprüche 24|Sprüche 27
Wachs;5;1.0;;1;5;Hesekiel 27|Micha 1|Psalmen 22|Psalmen 68|Psalmen 97
Huld;5;0.8;;1;4;Psalmen 106|Psalmen 30|Psalmen 89|Sacharja 11
Reichtümer;5;0.8;;1;4;Hesekiel 27|Jesaja 30|Jesaja 45|Psalmen 119
Geschmeide;5;1.0;;1;5;Hosea 2|Nahum 2|Sprüche 1|Sprüche 20|Sprüche 25
Zwietracht;5;1.0;;1;5;1. Korinther 3|Apostelgeschichte 24|Galater 5|Lukas 12|Sprüche 6
Myrrhe;5;0.6;;1;3;Hohelied 5|Johannes 19|Sprüche 7
Liebkosungen;5;0.6;;1;3;Hohelied 1|Hohelied 4|Sprüche 7
Indem;5;1.0;;1;5;Apostelgeschichte 16|Hebräer 10|Hebräer 2|Hebräer 8|Sprüche 23
Sold;5;1.0;;1;5;2. Korinther 11|Hesekiel 29|Lukas 3|Römer 6|Sprüche 26
Trift;5;1.0;;1;5;Hesekiel 34|Hosea 4|Jesaja 5|Joel 4|Micha 2
Patros;5;0.8;;1;4;Hesekiel 29|Hesekiel 30|Jeremia 44|Jesaja 11
Richtet;5;0.8;;1;4;Jeremia 4|Jesaja 14|Johannes 7|Matthäus 7
Ben-Hinnom;5;0.6;;1;3;Jeremia 19|Jeremia 32|Jeremia 7
Langmut;5;1.0;;1;5;1. Petrus 3|2. Korinther 6|2. Timotheus 3|Jeremia 15|Römer 2
Kriegslärm;5;1.0;;1;5;Amos 2|Hosea 10|Jeremia 20|Jeremia 49|Jeremia 50
Gemarja;5;0.4;;1;2;Jeremia 29|Jeremia 36
Ohola;5;0.2;;1;1;Hesekiel 23
Tauschhandel;5;0.2;;1;1;Hesekiel 27
Musik;5;0.4;;1;2;Daniel 3|Lukas 15
Kleides;5;1.0;;1;5;Haggai 2|Lukas 8|Markus 6|Matthäus 14|Matthäus 9
Matthäus;5;1.0;;1;5;Apostelgeschichte 1|Lukas 6|Markus 3|Matthäus 10|Matthäus 9
Krüppel;5;0.6;;1;3;Lukas 14|Markus 9|Matthäus 15
Kyrene;5;1.0;;1;5;Apostelgeschichte 13|Apostelgeschichte 2|Lukas 23|Markus 15|Matthäus 27
Rüsttag;5;0.8;;1;4;Johannes 19|Lukas 23|Markus 15|Matthäus 27
Verfolgungen;5;0.8;;1;4;2. Korinther 12|2. Thessalonicher 1|2. Timotheus 3|Markus 10
Stadien;5;1.0;;1;5;Johannes 11|Johannes 6|Lukas 24|Offenbarung 14|Offenbarung 21
Nikodemus;5;0.6;;1;3;Johannes 19|Johannes 3|Johannes 7
Tarsus;5;0.8;;1;4;Apostelgeschichte 11|Apostelgeschichte 21|Apostelgeschichte 22|Apostelgeschichte 9
Jason;5;0.4;;1;2;Apostelgeschichte 17|Römer 16
Athen;5;0.6;;1;3;1. Thessalonicher 3|Apostelgeschichte 17|Apostelgeschichte 18
Gajus;5;1.0;;1;5;1. Korinther 1|3. Johannes 1|Apostelgeschichte 19|Apostelgeschichte 20|Römer 16
Aristarchus;5;1.0;;1;5;Apostelgeschichte 19|Apostelgeschichte 20|Apostelgeschichte 27|Kolosser 4|Philemon 1
Tychikus;5;1.0;;1;5;2. Timotheus 4|Apostelgeschichte 20|Epheser 6|Kolosser 4|Titus 3
Bedürfnisse;5;0.8;;1;4;Apostelgeschichte 20|Jakobus 2|Philipper 4|Titus 3
Kreta;5;0.4;;1;2;Apostelgeschichte 27|Titus 1
Gesetzeswerken;5;0.6;;1;3;Galater 2|Galater 3|Römer 3
Schwachheiten;5;0.6;;1;3;2. Korinther 12|Hebräer 4|Römer 15
Lästerer;5;1.0;;1;5;1. Korinther 5|1. Korinther 6|1. Timotheus 1|2. Timotheus 3|Psalmen 44
Lüste;5;1.0;;1;5;1. Timotheus 6|2. Timotheus 2|Epheser 4|Galater 5|Titus 2
Regionen;5;0.8;;1;4;Epheser 1|Epheser 2|Epheser 3|Epheser 6
Pech;4;0.75;;1;3;1. Mose 6|2. Mose 2|Jesaja 34
Ararat;4;1.0;;1;4;1. Mose 8|2. Könige 19|Jeremia 51|Jesaja 37
Togarma;4;1.0;;1;4;1. Chronik 1|1. Mose 10|Hesekiel 27|Hesekiel 38
Mizraim;4;0.5;;1;2;1. Chronik 1|1. Mose 10
Nimrod;4;0.75;;1;3;1. Chronik 1|1. Mose 10|Micha 5
Hadoram;4;1.0;;1;4;1. Chronik 1|1. Chronik 18|1. Mose 10|2. Chronik 10
Pharaos;4;1.0;;1;4;1. Mose 12|1. Mose 41|1. Mose 47|1. Mose 50
Salem;4;0.75;;1;3;1. Mose 14|Hebräer 7|Psalmen 76
Finde;4;0.5;;1;2;1. Mose 18|2. Samuel 15
Treibe;4;1.0;;1;4;1. Mose 21|2. Könige 4|2. Samuel 13|Jeremia 15
Kindeskindern;4;1.0;;1;4;1. Mose 21|2. Mose 34|5. Mose 4|Jeremia 2
Hets;4;0.5;;1;2;1. Mose 23|1. Mose 27
Beisaße;4;0.5;;1;2;1. Mose 23|3. Mose 25
Verwalter;4;1.25;;1;5;1. Chronik 27|1. Korinther 4|1. Mose 24|Jesaja 22|Lukas 8
Epher;4;1.0;;1;4;1. Chronik 1|1. Chronik 4|1. Chronik 5|1. Mose 25
Duma;4;1.0;;1;4;1. Chronik 1|1. Mose 25|Jesaja 21|Josua 15
Tema;4;1.0;;1;4;1. Chronik 1|1. Mose 25|Jesaja 21|Nehemia 7
Solltest;4;1.0;;1;4;1. Mose 29|1. Mose 40|2. Chronik 19|2. Samuel 7
Pauken;4;1.0;;1;4;1. Mose 31|Jesaja 30|Psalmen 149|Psalmen 150
Jehusch;4;0.5;;1;2;1. Chronik 1|1. Mose 36
Anas;4;0.5;;1;2;1. Chronik 1|1. Mose 36
Dison;4;0.25;;1;1;1. Mose 36
Onam;4;0.75;;1;3;1. Chronik 1|1. Chronik 2|1. Mose 36
Bilhan;4;0.75;;1;3;1. Chronik 1|1. Chronik 7|1. Mose 36
Samla;4;0.5;;1;2;1. Chronik 1|1. Mose 36
Bescheid;4;1.0;;1;4;1. Mose 37|3. Mose 24|Jeremia 38|Sprüche 22
Träumen;4;1.0;;1;4;1. Mose 37|Daniel 1|Daniel 5|Hiob 7
Haft;4;1.0;;1;4;1. Mose 42|3. Mose 24|Apostelgeschichte 24|Apostelgeschichte 25
Lebt;4;0.75;;1;3;1. Könige 20|1. Mose 43|1. Mose 45
Kahath;4;0.5;;1;2;1. Mose 46|2. Mose 6
Simron;4;1.0;;1;4;1. Mose 46|4. Mose 26|Josua 11|Josua 19
Jimna;4;0.75;;1;3;1. Chronik 7|1. Mose 46|4. Mose 26
Rosch;4;0.75;;1;3;1. Mose 46|Hesekiel 38|Hesekiel 39
Raemses;4;0.75;;1;3;2. Mose 1|2. Mose 12|4. Mose 33
Mißhandlungen;4;0.75;;1;3;2. Korinther 12|2. Mose 1|Psalmen 58
Werfet;4;1.0;;1;4;1. Samuel 14|2. Mose 1|Hesekiel 18|Johannes 21
Tagewerk;4;0.5;;1;2;2. Mose 5|Psalmen 104
Nepheg;4;1.0;;1;4;1. Chronik 14|1. Chronik 3|2. Mose 6|2. Samuel 5
Assir;4;0.5;;1;2;1. Chronik 6|2. Mose 6
Seen;4;1.0;;1;4;2. Mose 7|2. Mose 8|5. Mose 8|Jesaja 42
Geschirren;4;1.0;;1;4;2. Mose 7|4. Mose 7|Klagelieder 4|Markus 7
Kräutern;4;1.0;;1;4;2. Mose 12|4. Mose 9|Daniel 4|Hiob 39
Würmer;4;1.0;;1;4;2. Mose 16|5. Mose 28|Hiob 24|Jesaja 14
Sieh;4;1.0;;1;4;2. Könige 4|2. Mose 18|Apostelgeschichte 3|Offenbarung 22
Bestes;4;1.0;;1;4;2. Mose 22|5. Mose 23|Psalmen 122|Römer 14
Dreimal;4;0.75;;1;3;2. Mose 23|5. Mose 16|Richter 16
Mandelblüten;4;0.5;;1;2;2. Mose 25|2. Mose 37
Buntwirkerarbeit;4;1.0;;1;4;2. Mose 26|2. Mose 27|2. Mose 36|2. Mose 38
Schellen;4;1.0;;1;4;2. Mose 28|2. Mose 39|2. Samuel 6|Sacharja 14
Schelle;4;0.75;;1;3;1. Korinther 13|2. Mose 28|2. Mose 39
Diadem;4;1.0;;1;4;2. Mose 29|2. Mose 39|3. Mose 8|Sacharja 9
Ohrringe;4;0.75;;1;3;2. Mose 32|2. Mose 35|4. Mose 31
Opfers;4;0.75;;1;3;2. Mose 34|3. Mose 3|Daniel 8
Nasenringe;4;0.75;;1;3;2. Mose 35|Jesaja 3|Richter 8
Pfannen;4;1.0;;1;4;1. Könige 7|2. Chronik 4|2. Mose 37|Jeremia 52
Rockes;4;0.75;;1;3;1. Samuel 15|1. Samuel 24|2. Mose 39
Nägeln;4;1.0;;1;4;2. Mose 39|4. Mose 3|Jeremia 10|Jesaja 41
Sodann;4;1.0;;1;4;1. Chronik 6|3. Mose 1|3. Mose 8|Hebräer 12
Vermag;4;1.0;;1;4;3. Mose 12|3. Mose 25|3. Mose 27|3. Mose 5
Hinter;4;1.0;;1;4;3. Mose 13|Hebräer 9|Hiob 37|Hiob 41
Fellen;4;0.5;;1;2;3. Mose 13|4. Mose 31
Reinigenden;4;0.25;;1;1;3. Mose 14
Blutsverwandten;4;1.0;;1;4;3. Mose 18|3. Mose 20|3. Mose 21|4. Mose 27
Lobopfer;4;0.75;;1;3;2. Chronik 29|2. Chronik 33|3. Mose 22
Beisaßen;4;0.25;;1;1;3. Mose 25
Ertrages;4;1.0;;1;4;3. Mose 25|5. Mose 14|5. Mose 26|Jeremia 2
Setzet;4;1.0;;1;4;3. Mose 26|Jeremia 13|Matthäus 26|Ruth 4
Deguels;4;0.75;;1;3;4. Mose 1|4. Mose 10|4. Mose 7
Linie;4;0.75;;1;3;1. Korinther 15|4. Mose 2|4. Mose 34
Elizaphan;4;1.0;;1;4;1. Chronik 15|2. Chronik 29|4. Mose 3|4. Mose 34
Decken;4;1.0;;1;4;4. Mose 4|Richter 5|Sprüche 31|Sprüche 7
Familie;4;1.0;;1;4;2. Samuel 16|2. Samuel 19|4. Mose 11|Sprüche 11
Achiman;4;1.0;;1;4;1. Chronik 9|4. Mose 13|Josua 15|Richter 1
Eskol;4;0.75;;1;3;4. Mose 13|4. Mose 32|5. Mose 1
Enakskinder;4;0.75;;1;3;4. Mose 13|5. Mose 1|Josua 15
Weichet;4;1.0;;1;4;4. Mose 16|Jesaja 52|Psalmen 119|Psalmen 6
Obot;4;0.5;;1;2;4. Mose 21|4. Mose 33
Sared;4;0.5;;1;2;4. Mose 21|5. Mose 2
Grüne;4;1.0;;1;4;2. Mose 10|4. Mose 22|5. Mose 29|Offenbarung 9
Arglist;4;0.75;;1;3;4. Mose 25|Jeremia 9|Lukas 20
Hogla;4;1.0;;1;4;4. Mose 26|4. Mose 27|4. Mose 36|Josua 17
Amrams;4;1.0;;1;4;1. Chronik 23|1. Chronik 24|1. Chronik 5|4. Mose 26
Geruchs;4;0.75;;1;3;4. Mose 28|4. Mose 29|Esra 6
Gerüstete;4;1.0;;1;4;1. Chronik 12|2. Chronik 17|4. Mose 31|Josua 4
Zinn;4;0.75;;1;3;4. Mose 31|Hesekiel 22|Hesekiel 27
Personen;4;1.0;;1;4;2. Korinther 1|4. Mose 31|5. Mose 16|Apostelgeschichte 1
Spangen;4;1.0;;1;4;2. Samuel 1|4. Mose 31|Hesekiel 16|Hesekiel 23
Atarot;4;0.5;;1;2;4. Mose 32|Josua 16
Beth-Jesimot;4;1.0;;1;4;4. Mose 33|Hesekiel 25|Josua 12|Josua 13
Werkzeug;4;0.75;;1;3;1. Könige 6|4. Mose 35|Apostelgeschichte 9
Salcha;4;1.0;;1;4;1. Chronik 5|5. Mose 3|Josua 12|Josua 13
Beth-Peor;4;1.0;;1;4;5. Mose 3|5. Mose 34|5. Mose 4|Josua 13
Golan;4;1.0;;1;4;1. Chronik 6|5. Mose 4|Josua 20|Josua 21
Skorpione;4;0.75;;1;3;5. Mose 8|Lukas 10|Offenbarung 9
Garizim;4;1.0;;1;4;5. Mose 11|5. Mose 27|Josua 8|Richter 9
Korns;4;1.0;;1;4;2. Chronik 32|5. Mose 12|5. Mose 14|5. Mose 18
Mosts;4;1.0;;1;4;2. Chronik 32|5. Mose 12|5. Mose 14|5. Mose 18
Getreidebrand;4;1.0;;1;4;2. Chronik 6|5. Mose 28|Amos 4|Haggai 2
Jeschurun;4;0.75;;1;3;5. Mose 32|5. Mose 33|Jesaja 44
Beerot;4;1.0;;1;4;2. Samuel 4|Josua 18|Josua 9|Nehemia 7
Rogel;4;1.0;;1;4;1. Könige 1|2. Samuel 17|Josua 15|Josua 18
Kirjat-Sepher;4;0.5;;1;2;Josua 15|Richter 1
Achsa;4;0.75;;1;3;1. Chronik 2|Josua 15|Richter 1
Eder;4;1.0;;1;4;1. Chronik 23|1. Chronik 24|1. Chronik 8|Josua 15
Molada;4;1.0;;1;4;1. Chronik 4|Josua 15|Josua 19|Nehemia 11
Achsib;4;1.0;;1;4;Josua 15|Josua 19|Micha 1|Richter 1
Samir;4;0.75;;1;3;1. Chronik 24|Josua 15|Richter 10
Gat-Rimmon;4;0.75;;1;3;1. Chronik 6|Josua 19|Josua 21
Japho;4;1.0;;1;4;2. Chronik 2|Esra 3|Jona 1|Josua 19
Folget;4;1.0;;1;4;Jesaja 36|Markus 1|Matthäus 4|Richter 3
Abinoams;4;0.5;;1;2;Richter 4|Richter 5
Hebers;4;0.5;;1;2;Richter 4|Richter 5
Zeug;4;1.0;;1;4;Klagelieder 2|Richter 5|Sprüche 15|Sprüche 23
Denket;4;1.0;;1;4;2. Thessalonicher 2|Johannes 5|Lukas 24|Richter 9
Dienet;4;1.0;;1;4;1. Petrus 4|Psalmen 100|Psalmen 2|Richter 9
Timnat;4;0.25;;1;1;Richter 14
Hemden;4;0.75;;1;3;Jesaja 3|Richter 14|Sprüche 31
Jebus;4;0.5;;1;2;1. Chronik 11|Richter 19
Machlon;4;0.5;;1;2;Ruth 1|Ruth 4
Hörst;4;1.0;;1;4;1. Samuel 26|Matthäus 21|Matthäus 27|Ruth 2
Schiedsrichter;4;1.0;;1;4;1. Samuel 2|Hiob 9|Jesaja 2|Micha 4
Sehnsucht;4;1.0;;1;4;1. Samuel 2|2. Korinther 5|2. Korinther 7|Psalmen 119
Zeiget;4;1.0;;1;4;1. Samuel 6|Jeremia 20|Lukas 20|Matthäus 22
Mäuse;4;0.5;;1;2;1. Samuel 6|Jesaja 66
Merab;4;0.75;;1;3;1. Samuel 14|1. Samuel 18|2. Samuel 21
Abgötterei;4;0.5;;1;2;1. Samuel 15|2. Chronik 21
Goliath;4;0.75;;1;3;1. Samuel 17|1. Samuel 21|1. Samuel 22
Alters;4;1.0;;1;4;1. Samuel 17|Hebräer 11|Psalmen 71|Sacharja 8
Meinst;4;1.0;;1;4;1. Chronik 19|1. Samuel 20|2. Samuel 10|Jeremia 13
Zerujas;4;0.75;;1;3;1. Samuel 26|2. Samuel 2|2. Samuel 3
Rizpa;4;0.5;;1;2;2. Samuel 21|2. Samuel 3
Ajas;4;0.5;;1;2;2. Samuel 21|2. Samuel 3
Eljada;4;1.0;;1;4;1. Chronik 3|1. Könige 11|2. Chronik 17|2. Samuel 5
Baal-Perazim;4;0.5;;1;2;1. Chronik 14|2. Samuel 5
Könnte;4;0.75;;1;3;2. Könige 5|2. Samuel 19|Hiob 34
Kimham;4;0.5;;1;2;2. Samuel 19|Jeremia 41
Elchanan;4;1.0;;1;4;1. Chronik 11|1. Chronik 20|2. Samuel 21|2. Samuel 23
Grün;4;1.0;;1;4;2. Samuel 23|Hiob 38|Nahum 1|Sprüche 27
Achimaaz;4;0.75;;1;3;1. Chronik 5|1. Chronik 6|1. Könige 4
Quadersteine;4;1.0;;1;4;1. Chronik 22|1. Könige 5|Esra 6|Klagelieder 3
Zedernbalken;4;0.5;;1;2;1. Könige 6|1. Könige 7
Ölbaumholz;4;0.25;;1;1;1. Könige 6
Form;4;1.0;;1;4;1. Könige 6|1. Könige 7|Hesekiel 4|Hesekiel 43
Oben;4;1.0;;1;4;1. Könige 7|Hesekiel 41|Jeremia 52|Sprüche 8
Rätseln;4;1.0;;1;4;1. Könige 10|2. Chronik 9|Daniel 5|Habakuk 2
Geißeln;4;0.5;;1;2;1. Könige 12|2. Chronik 10
Jimlas;4;0.5;;1;2;1. Könige 22|2. Chronik 18
Asuba;4;0.75;;1;3;1. Chronik 2|1. Könige 22|2. Chronik 20
Baal-Sebub;4;0.25;;1;1;2. Könige 1
Zweiundzwanzig;4;1.0;;1;4;2. Chronik 22|2. Chronik 33|2. Könige 21|2. Könige 8
Bedeutet;4;0.25;;1;1;2. Könige 9
Buhlerei;4;0.75;;1;3;2. Könige 9|Hesekiel 16|Hesekiel 23
Phul;4;0.75;;1;3;1. Chronik 5|2. Könige 15|Jesaja 66
Fünfundzwanzig;4;1.0;;1;4;2. Chronik 25|2. Chronik 36|2. Könige 15|2. Könige 23
Vernimm;4;1.0;;1;4;2. Könige 19|Psalmen 5|Psalmen 55|Psalmen 86
Treu;4;1.0;;1;4;1. Korinther 1|1. Thessalonicher 5|2. Chronik 34|2. Könige 22
Jaasanja;4;1.0;;1;4;2. Könige 25|Hesekiel 11|Hesekiel 8|Jeremia 35
Salma;4;0.25;;1;1;1. Chronik 2
Schimea;4;1.0;;1;4;1. Chronik 2|1. Chronik 3|1. Chronik 6|1. Chronik 8
Pelet;4;0.75;;1;3;1. Chronik 12|1. Chronik 2|4. Mose 16
Elasa;4;0.75;;1;3;1. Chronik 2|1. Chronik 8|1. Chronik 9
Jabez;4;0.5;;1;2;1. Chronik 2|1. Chronik 4
Jochanan;4;0.5;;1;2;1. Chronik 3|1. Chronik 5
Reaja;4;1.0;;1;4;1. Chronik 4|1. Chronik 5|Esra 2|Nehemia 7
Eser;4;1.0;;1;4;1. Chronik 4|1. Chronik 7|Nehemia 12|Nehemia 3
Paseach;4;1.0;;1;4;1. Chronik 4|Esra 2|Nehemia 3|Nehemia 7
Sisa;4;1.0;;1;4;1. Chronik 11|1. Chronik 4|1. Könige 4|2. Chronik 11
Abischua;4;0.75;;1;3;1. Chronik 5|1. Chronik 6|1. Chronik 8
Tachat;4;0.5;;1;2;1. Chronik 6|1. Chronik 7
Jischia;4;0.5;;1;2;1. Chronik 24|1. Chronik 7
Ulam;4;0.5;;1;2;1. Chronik 7|1. Chronik 8
Miklot;4;0.75;;1;3;1. Chronik 27|1. Chronik 8|1. Chronik 9
Meribbaal;4;0.5;;1;2;1. Chronik 8|1. Chronik 9
Achas;4;0.5;;1;2;1. Chronik 8|1. Chronik 9
Semarja;4;0.75;;1;3;1. Chronik 12|2. Chronik 11|Esra 10
Semiramot;4;0.75;;1;3;1. Chronik 15|1. Chronik 16|2. Chronik 17
Jerija;4;0.75;;1;3;1. Chronik 23|1. Chronik 26|Jeremia 37
Mijamin;4;1.0;;1;4;1. Chronik 24|Esra 10|Nehemia 10|Nehemia 12
Meschelemja;4;0.5;;1;2;1. Chronik 26|1. Chronik 9
Derselbe;4;1.0;;1;4;2. Chronik 2|2. Chronik 26|Jeremia 36|Johannes 16
Lybier;4;1.0;;1;4;2. Chronik 12|2. Chronik 16|Daniel 11|Hesekiel 38
Tobia;4;0.75;;1;3;2. Chronik 17|Esra 2|Sacharja 6
Loben;4;1.0;;1;4;2. Chronik 20|Jakobus 3|Jeremia 30|Psalmen 100
Schilden;4;1.0;;1;4;2. Chronik 26|2. Chronik 32|Hesekiel 23|Nehemia 4
Speeren;4;0.75;;1;3;2. Chronik 26|Habakuk 3|Nehemia 4
Künstlern;4;1.0;;1;4;2. Chronik 26|Apostelgeschichte 19|Hosea 13|Jeremia 10
Zinnen;4;1.0;;1;4;2. Chronik 26|Jesaja 54|Zephanja 1|Zephanja 3
Worauf;4;1.0;;1;4;2. Chronik 32|2. Korinther 11|Apostelgeschichte 19|Hiob 38
Sesbazzar;4;0.5;;1;2;Esra 1|Esra 5
Giddels;4;0.5;;1;2;Esra 2|Nehemia 7
Nekodas;4;0.5;;1;2;Esra 2|Nehemia 7
Henadads;4;0.75;;1;3;Esra 3|Nehemia 10|Nehemia 3
Simsai;4;0.25;;1;1;Esra 4
Tatnai;4;0.5;;1;2;Esra 5|Esra 6
Setar-Bosnai;4;0.5;;1;2;Esra 5|Esra 6
Hattus;4;1.0;;1;4;Esra 8|Nehemia 10|Nehemia 12|Nehemia 3
Parhos;4;1.0;;1;4;Esra 10|Nehemia 10|Nehemia 3|Nehemia 7
Andenken;4;1.0;;1;4;1. Thessalonicher 3|Jesaja 57|Nehemia 2|Psalmen 9
Hananeel;4;1.0;;1;4;Jeremia 31|Nehemia 12|Nehemia 3|Sacharja 14
Hassub;4;0.75;;1;3;Nehemia 10|Nehemia 11|Nehemia 3
Siloah;4;0.75;;1;3;Jesaja 8|Johannes 9|Nehemia 3
Malluch;4;0.75;;1;3;1. Chronik 6|Nehemia 10|Nehemia 12
Sattu;4;1.0;;1;4;Esra 10|Esra 8|Nehemia 10|Nehemia 7
Asgad;4;1.0;;1;4;Esra 2|Esra 8|Nehemia 10|Nehemia 7
Adin;4;1.0;;1;4;Esra 2|Esra 8|Nehemia 10|Nehemia 7
Marmor;4;0.5;;1;2;Esther 1|Offenbarung 18
Hegai;4;0.25;;1;1;Esther 2
Hatach;4;0.25;;1;1;Esther 4
Seres;4;0.5;;1;2;Esther 5|Esther 6
Zutritt;4;1.0;;1;4;Epheser 2|Esther 8|Römer 5|Sacharja 3
Zophar;4;1.0;;1;4;Hiob 11|Hiob 2|Hiob 20|Hiob 42
Meiner;4;0.75;;1;3;Hiob 10|Hohelied 1|Psalmen 119
Unrechtes;4;1.0;;1;4;Hiob 13|Jeremia 2|Kolosser 3|Lukas 23
Schrecknisse;4;1.0;;1;4;Hiob 18|Lukas 21|Prediger 12|Psalmen 88
Richte;4;1.0;;1;4;Hesekiel 37|Hiob 21|Psalmen 26|Psalmen 35
Kristall;4;1.0;;1;4;Hesekiel 1|Hiob 28|Offenbarung 22|Offenbarung 4
Nesseln;4;1.0;;1;4;Hiob 30|Jesaja 34|Sprüche 24|Zephanja 2
Ehrfurcht;4;1.0;;1;4;Hiob 31|Jona 1|Maleachi 2|Psalmen 119
Plötzlich;4;1.0;;1;4;Apostelgeschichte 16|Hiob 34|Jeremia 18|Jesaja 48
Versteht;4;1.0;;1;4;Hiob 36|Johannes 13|Markus 4|Matthäus 16
Regengüsse;4;1.0;;1;4;Hiob 37|Hiob 38|Joel 2|Sacharja 10
Windeln;4;0.75;;1;3;Hesekiel 16|Hiob 38|Lukas 2
Felsspalten;4;1.0;;1;4;Hiob 39|Jesaja 2|Jesaja 7|Sprüche 30
Scherben;4;1.0;;1;4;Hesekiel 23|Hiob 41|Jesaja 45|Sprüche 26
Fliehe;4;1.0;;1;4;2. Timotheus 2|Hohelied 8|Jesaja 23|Psalmen 11
Gang;4;1.0;;1;4;Hesekiel 42|Psalmen 17|Sprüche 21|Sprüche 30
Bitten;4;1.0;;1;4;1. Timotheus 2|Daniel 9|Hebräer 5|Psalmen 20
Preiset;4;1.0;;1;4;Psalmen 117|Psalmen 33|Psalmen 34|Psalmen 66
Anmut;4;1.0;;1;4;Jesaja 40|Psalmen 45|Sprüche 22|Sprüche 31
Fahre;4;1.0;;1;4;Jesaja 23|Lukas 5|Markus 5|Psalmen 45
Gieße;4;1.0;;1;4;Jeremia 10|Jeremia 6|Psalmen 69|Psalmen 79
Betracht;4;1.0;;1;4;Jesaja 64|Psalmen 77|Römer 4|Römer 8
Pflanzen;4;1.0;;1;4;Hohelied 5|Prediger 3|Psalmen 104|Psalmen 144
Gruben;4;1.0;;1;4;Klagelieder 4|Lukas 9|Matthäus 8|Psalmen 119
Schandtaten;4;1.0;;1;4;Hesekiel 16|Hesekiel 22|Hosea 6|Sprüche 10
Guter;4;1.0;;1;4;Lukas 18|Markus 10|Matthäus 19|Sprüche 13
Absichten;4;1.0;;1;4;1. Thessalonicher 2|Jeremia 50|Jesaja 59|Sprüche 14
Getränke;4;1.0;;1;4;4. Mose 6|Hebräer 9|Jesaja 28|Sprüche 23
Bevor;4;1.0;;1;4;Galater 2|Galater 3|Haggai 2|Sprüche 31
Zugleich;4;1.0;;1;4;1. Timotheus 5|Apostelgeschichte 24|Philemon 1|Prediger 2
Erwache;4;0.5;;1;2;Hohelied 4|Jesaja 51
Bald;4;0.75;;1;3;Jesaja 8|Matthäus 24|Matthäus 26
Nenne;4;0.5;;1;2;Hosea 1|Jesaja 8
Heule;4;1.0;;1;4;Jeremia 49|Jesaja 14|Joel 1|Sacharja 11
Horonaim;4;0.5;;1;2;Jeremia 48|Jesaja 15
Ariel;4;0.25;;1;1;Jesaja 29
Predige;4;0.75;;1;3;2. Timotheus 4|Jesaja 40|Sacharja 1
Vergeblich;4;1.0;;1;4;Jeremia 2|Jesaja 45|Klagelieder 4|Matthäus 15
Verschnittene;4;0.5;;1;2;Jesaja 56|Matthäus 19
Meinet;4;1.0;;1;4;2. Korinther 12|Jesaja 58|Lukas 12|Lukas 13
Machwerk;4;1.0;;1;4;Habakuk 2|Hosea 13|Jeremia 10|Jeremia 51
Hanameel;4;0.25;;1;1;Jeremia 32
Jehudi;4;0.25;;1;1;Jeremia 36
Tinte;4;1.0;;1;4;2. Johannes 1|2. Korinther 3|3. Johannes 1|Jeremia 36
Winzer;4;1.0;;1;4;Jeremia 49|Jeremia 52|Joel 1|Obadja 1
Falls;4;1.0;;1;4;Hesekiel 26|Hesekiel 27|Hesekiel 32|Jeremia 49
Mütter;4;1.0;;1;4;1. Timotheus 5|Klagelieder 2|Klagelieder 5|Markus 10
Bürden;4;0.75;;1;3;Klagelieder 5|Lukas 11|Matthäus 23
Sturmböcke;4;0.75;;1;3;Hesekiel 21|Hesekiel 26|Hesekiel 4
Ehebrecherinnen;4;0.75;;1;3;Hesekiel 16|Hesekiel 23|Jakobus 4
Steuermänner;4;0.25;;1;1;Hesekiel 27
Daraufhin;4;1.0;;1;4;Apostelgeschichte 28|Daniel 2|Daniel 3|Daniel 6
Sterndeuter;4;0.75;;1;3;Daniel 2|Daniel 4|Daniel 5
Zithern;4;0.25;;1;1;Daniel 3
Gabriel;4;0.75;;1;3;Daniel 8|Daniel 9|Lukas 1
Nachsicht;4;1.0;;1;4;1. Korinther 7|Amos 7|Hebräer 5|Römer 3
Weder;4;1.0;;1;4;1. Korinther 6|Apostelgeschichte 25|Johannes 9|Zephanja 1
Achtet;4;0.75;;1;3;Haggai 1|Hebräer 12|Markus 4
Ungerechte;4;1.0;;1;4;1. Korinther 6|1. Petrus 3|Lukas 18|Matthäus 5
Bartholomäus;4;1.0;;1;4;Apostelgeschichte 1|Lukas 6|Markus 3|Matthäus 10
Mord;4;1.0;;1;4;Galater 5|Markus 15|Markus 7|Matthäus 15
Pein;4;1.0;;1;4;1. Johannes 4|Lukas 16|Matthäus 25|Offenbarung 18
Flasche;4;0.75;;1;3;Lukas 7|Markus 14|Matthäus 26
Antwortest;4;1.0;;1;4;Johannes 18|Markus 14|Markus 15|Matthäus 26
Pontius;4;1.0;;1;4;1. Timotheus 6|Apostelgeschichte 4|Lukas 3|Matthäus 27
Schädelstätte;4;1.0;;1;4;Johannes 19|Lukas 23|Markus 15|Matthäus 27
Arimathia;4;1.0;;1;4;Johannes 19|Lukas 23|Markus 15|Matthäus 27
Irret;4;1.0;;1;4;1. Korinther 6|Galater 6|Jakobus 1|Markus 12
Kürze;4;1.0;;1;4;1. Petrus 5|Apostelgeschichte 24|Epheser 3|Lukas 18
Anfechtungen;4;1.0;;1;4;1. Petrus 1|Apostelgeschichte 20|Jakobus 1|Lukas 22
Glaubst;4;1.0;;1;4;Apostelgeschichte 26|Johannes 11|Johannes 14|Johannes 9
Pamphylien;4;1.0;;1;4;Apostelgeschichte 13|Apostelgeschichte 14|Apostelgeschichte 15|Apostelgeschichte 2
Derbe;4;0.75;;1;3;Apostelgeschichte 14|Apostelgeschichte 16|Apostelgeschichte 20
Thyatira;4;0.75;;1;3;Apostelgeschichte 16|Offenbarung 1|Offenbarung 2
Priscilla;4;0.5;;1;2;1. Korinther 16|Apostelgeschichte 18
Italien;4;0.75;;1;3;Apostelgeschichte 18|Apostelgeschichte 27|Hebräer 13
Sara;4;1.0;;1;4;1. Petrus 3|Hebräer 11|Römer 4|Römer 9
Miterben;4;1.0;;1;4;1. Petrus 3|Epheser 3|Hebräer 11|Römer 8
Dienerin;4;0.5;;1;2;Römer 13|Römer 16
Silvanus;4;1.0;;1;4;1. Petrus 5|1. Thessalonicher 1|2. Korinther 1|2. Thessalonicher 1
Gutestun;4;0.75;;1;3;1. Petrus 2|1. Petrus 3|Galater 6
Täter;4;0.5;;1;2;Jakobus 1|Jakobus 4
Wollust;4;0.5;;1;2;2. Petrus 2|Offenbarung 18
Angesichtes;3;1.0;;1;3;1. Mose 3|2. Mose 34|Daniel 3
Verfluß;3;1.0;;1;3;1. Chronik 20|1. Mose 4|1. Mose 8
Elischa;3;1.0;;1;3;1. Chronik 1|1. Mose 10|Hesekiel 27
Siddim;3;0.33;;1;1;1. Mose 14
Aner;3;0.67;;1;2;1. Chronik 6|1. Mose 14
Pichol;3;0.67;;1;2;1. Mose 21|1. Mose 26
Kemuel;3;1.0;;1;3;1. Chronik 27|1. Mose 22|4. Mose 34
Begrabe;3;1.0;;1;3;1. Mose 23|1. Mose 47|Hiob 40
Gelobet;3;1.0;;1;3;1. Könige 1|1. Könige 8|1. Mose 24
Mibsam;3;1.0;;1;3;1. Chronik 1|1. Chronik 4|1. Mose 25
Rechobot;3;1.0;;1;3;1. Chronik 1|1. Mose 26|1. Mose 36
Segne;3;0.67;;1;2;1. Mose 27|5. Mose 33
Nunmehr;3;1.0;;1;3;1. Mose 29|2. Chronik 29|Jesaja 29
Leibesfrucht;3;1.0;;1;3;1. Mose 30|Klagelieder 2|Psalmen 127
Pflege;3;1.0;;1;3;1. Mose 30|Apostelgeschichte 27|Klagelieder 2
Jaelam;3;0.33;;1;1;1. Mose 36
Omar;3;0.67;;1;2;1. Chronik 1|1. Mose 36
Missa;3;0.67;;1;2;1. Chronik 1|1. Mose 36
Sobal;3;0.33;;1;1;1. Mose 36
Disan;3;0.33;;1;1;1. Mose 36
Dotan;3;0.67;;1;2;1. Mose 37|2. Könige 6
Bleib;3;1.0;;1;3;1. Mose 38|Jakobus 2|Ruth 3
Halme;3;1.0;;1;3;1. Mose 41|2. Könige 19|Jesaja 17
Asnath;3;0.67;;1;2;1. Mose 41|1. Mose 46
Potipheras;3;0.67;;1;2;1. Mose 41|1. Mose 46
Auskunft;3;0.67;;1;2;1. Mose 43|Daniel 7
Ernten;3;1.33;;1;4;1. Mose 45|2. Mose 34|3. Mose 25|Offenbarung 14
Zohar;3;1.0;;1;3;1. Mose 23|1. Mose 46|2. Mose 6
Naaman;3;0.67;;1;2;1. Chronik 8|1. Mose 46
Guni;3;1.33;;1;4;1. Chronik 5|1. Chronik 7|1. Mose 46|4. Mose 26
Jezer;3;1.0;;1;3;1. Chronik 7|1. Mose 46|4. Mose 26
Stecke;3;1.0;;1;3;2. Mose 4|Johannes 18|Matthäus 26
Weiß;3;1.0;;1;3;2. Mose 4|2. Samuel 19|Psalmen 73
Baal-Zephon;3;0.67;;1;2;2. Mose 14|4. Mose 33
Lobgesängen;3;1.0;;1;3;2. Mose 15|Epheser 5|Kolosser 3
Wachteln;3;1.0;;1;3;2. Mose 16|4. Mose 11|Psalmen 105
Meriba;3;1.0;;1;3;2. Mose 17|4. Mose 20|Psalmen 95
Verkauft;3;1.0;;1;3;2. Mose 21|Lukas 12|Matthäus 10
Nimmt;3;0.67;;1;2;2. Mose 21|Hesekiel 15
Hornissen;3;1.0;;1;3;2. Mose 23|5. Mose 7|Josua 24
Widderfelle;3;0.67;;1;2;2. Mose 25|2. Mose 35
Seehundsfelle;3;0.67;;1;2;2. Mose 25|2. Mose 35
Widderfellen;3;1.0;;1;3;2. Mose 26|2. Mose 36|2. Mose 39
Kohlenpfannen;3;1.0;;1;3;2. Mose 27|2. Mose 38|4. Mose 4
Kassia;3;1.0;;1;3;2. Mose 30|Hesekiel 27|Psalmen 45
Hurs;3;1.0;;1;3;2. Mose 31|2. Mose 35|2. Mose 38
Ahisamachs;3;1.0;;1;3;2. Mose 31|2. Mose 35|2. Mose 38
Füllet;3;1.0;;1;3;1. Könige 18|2. Mose 32|Johannes 2
Ziegenhaare;3;0.33;;1;1;2. Mose 35
Körner;3;1.0;;1;3;2. Könige 4|3. Mose 2|3. Mose 23
Insekten;3;0.67;;1;2;3. Mose 11|5. Mose 14
Greift;3;1.0;;1;3;2. Könige 10|3. Mose 13|Hiob 41
Fallen;3;1.0;;1;3;3. Mose 13|Jeremia 5|Psalmen 140
Blutsverwandte;3;0.33;;1;1;3. Mose 18
Besitztums;3;0.67;;1;2;3. Mose 25|3. Mose 27
Ahieser;3;1.0;;1;3;4. Mose 1|4. Mose 10|4. Mose 2
Achieser;3;0.67;;1;2;1. Chronik 12|4. Mose 7
Amtes;3;0.67;;1;2;1. Chronik 28|4. Mose 8
Sooft;3;1.0;;1;3;2. Könige 4|4. Mose 9|Psalmen 94
Heiligt;3;1.0;;1;3;2. Könige 10|4. Mose 11|Joel 1
Jigeal;3;1.0;;1;3;1. Chronik 3|2. Samuel 23|4. Mose 13
Sesai;3;1.0;;1;3;4. Mose 13|Josua 15|Richter 1
Verruf;3;0.67;;1;2;4. Mose 13|4. Mose 14
Würdest;3;1.0;;1;3;2. Könige 6|4. Mose 14|Esra 9
Versammle;3;1.0;;1;3;4. Mose 21|5. Mose 31|5. Mose 4
Baue;3;1.33;;1;4;1. Könige 2|4. Mose 23|Hesekiel 40|Hesekiel 42
Teils;3;1.0;;1;3;4. Mose 23|Apostelgeschichte 16|Josua 15
Nemuel;3;0.67;;1;2;1. Chronik 4|4. Mose 26
Semida;3;1.0;;1;3;1. Chronik 7|4. Mose 26|Josua 17
Kades;3;1.0;;1;3;4. Mose 27|Hesekiel 47|Hesekiel 48
Baal-Meon;3;1.0;;1;3;1. Chronik 5|4. Mose 32|Hesekiel 25
Jairs-Dörfer;3;1.0;;1;3;4. Mose 32|5. Mose 3|Richter 10
Nobach;3;0.67;;1;2;4. Mose 32|Richter 8
Azmon;3;0.67;;1;2;4. Mose 34|Josua 15
Schlägt;3;0.67;;1;2;4. Mose 35|Klagelieder 3
Kaphtor;3;1.0;;1;3;5. Mose 2|Amos 9|Jeremia 47
Beobachte;3;1.0;;1;3;5. Mose 16|5. Mose 5|Sprüche 7
Denke;3;1.0;;1;3;5. Mose 24|5. Mose 32|5. Mose 9
More;3;1.0;;1;3;1. Mose 12|5. Mose 11|Richter 7
Abwege;3;1.0;;1;3;2. Chronik 21|5. Mose 17|Klagelieder 3
Vergib;3;1.0;;1;3;1. Samuel 25|5. Mose 21|Hosea 14
Wasserschöpfer;3;0.67;;1;2;5. Mose 29|Josua 9
Falsch;3;1.0;;1;3;5. Mose 32|Matthäus 10|Psalmen 12
Otterngift;3;1.0;;1;3;5. Mose 32|Psalmen 140|Römer 3
Prächtig;3;1.0;;1;3;5. Mose 33|Hiob 41|Jesaja 63
Zartan;3;1.0;;1;3;1. Könige 4|1. Könige 7|Josua 3
Achsaph;3;1.0;;1;3;Josua 11|Josua 12|Josua 19
Genezaret;3;1.0;;1;3;Josua 11|Josua 12|Josua 13
Baal-Gad;3;1.0;;1;3;Josua 11|Josua 12|Josua 13
Lange;3;1.0;;1;3;Josua 11|Psalmen 120|Sprüche 13
Jokneam;3;1.0;;1;3;Josua 12|Josua 19|Josua 21
Kedemot;3;1.0;;1;3;1. Chronik 6|Josua 13|Josua 21
Beth-Hogla;3;0.67;;1;2;Josua 15|Josua 18
Beth-Araba;3;0.67;;1;2;Josua 15|Josua 18
Kabzeel;3;1.0;;1;3;1. Chronik 11|2. Samuel 23|Josua 15
Hazar-Schual;3;1.0;;1;3;Josua 15|Josua 19|Nehemia 11
Ezem;3;1.0;;1;3;1. Chronik 4|Josua 15|Josua 19
Asna;3;0.67;;1;2;Esra 2|Josua 15
Mizpe;3;1.0;;1;3;1. Samuel 22|Josua 15|Josua 18
Jattir;3;1.0;;1;3;1. Samuel 30|Josua 15|Josua 21
Beth-Zur;3;1.0;;1;3;2. Chronik 11|Josua 15|Nehemia 3
Janoach;3;0.67;;1;2;2. Könige 15|Josua 16
Jibleam;3;1.0;;1;3;2. Könige 9|Josua 17|Richter 1
Beten;3;1.0;;1;3;Josua 19|Lukas 2|Markus 9
Beth-Anat;3;0.67;;1;2;Josua 19|Richter 1
Besek;3;0.67;;1;2;1. Samuel 11|Richter 1
Unterdrücker;3;1.67;;1;5;Jeremia 21|Jeremia 22|Jesaja 60|Prediger 4|Richter 2
Schweig;3;1.0;;1;3;Markus 4|Richter 18|Richter 3
Charoset-der;3;0.33;;1;1;Richter 4
Befehlshaber;3;1.0;;1;3;2. Chronik 11|2. Chronik 17|Richter 5
Weiche;3;1.0;;1;3;Markus 8|Psalmen 37|Richter 6
Abel-Mechola;3;1.0;;1;3;1. Könige 19|1. Könige 4|Richter 7
Komme;3;1.0;;1;3;Esther 4|Jeremia 14|Richter 8
Tebez;3;0.67;;1;2;2. Samuel 11|Richter 9
Hättet;3;0.67;;1;2;Johannes 14|Richter 14
Kiljon;3;0.67;;1;2;Ruth 1|Ruth 4
Löse;3;1.0;;1;3;Apostelgeschichte 7|Offenbarung 9|Ruth 4
Erwirb;3;0.67;;1;2;Ruth 4|Sprüche 4
Eben-Eser;3;1.0;;1;3;1. Samuel 4|1. Samuel 5|1. Samuel 7
Zuph;3;1.0;;1;3;1. Chronik 6|1. Samuel 1|1. Samuel 9
Malkischua;3;1.0;;1;3;1. Chronik 8|1. Chronik 9|1. Samuel 14
Aufmerken;3;1.0;;1;3;1. Könige 18|1. Samuel 15|2. Könige 4
Schaue;3;1.0;;1;3;1. Samuel 16|Jesaja 33|Psalmen 142
Wuchses;3;1.0;;1;3;1. Samuel 16|Hesekiel 17|Jesaja 45
Dünkt;3;1.0;;1;3;1. Korinther 3|1. Samuel 18|Hiob 10
Beeile;3;0.67;;1;2;1. Samuel 20|2. Timotheus 4
Hachila;3;0.67;;1;2;1. Samuel 23|1. Samuel 26
Wisse;3;1.0;;1;3;1. Samuel 28|Daniel 6|Daniel 8
Besor;3;0.33;;1;1;1. Samuel 30
Bethsan;3;0.67;;1;2;1. Samuel 31|2. Samuel 21
Jibchar;3;1.0;;1;3;1. Chronik 14|1. Chronik 3|2. Samuel 5
Achio;3;0.67;;1;2;1. Chronik 13|2. Samuel 6
Tohi;3;0.33;;1;1;2. Samuel 8
Lodebar;3;0.67;;1;2;2. Samuel 17|2. Samuel 9
Stellet;3;1.0;;1;3;1. Könige 20|2. Samuel 11|Jeremia 50
Gestern;3;1.0;;1;3;2. Samuel 15|Johannes 4|Micha 2
Keineswegs;3;1.0;;1;3;2. Samuel 16|Apostelgeschichte 10|Apostelgeschichte 11
Linsen;3;1.0;;1;3;2. Samuel 17|2. Samuel 23|Hesekiel 4
Abel-Beth-Maacha;3;0.67;;1;2;2. Könige 15|2. Samuel 20
Raphas;3;0.67;;1;2;1. Chronik 20|2. Samuel 21
Gareb;3;1.0;;1;3;1. Chronik 11|2. Samuel 23|Jeremia 31
Kommst;3;1.0;;1;3;1. Könige 2|1. Könige 22|2. Chronik 18
Geber;3;0.67;;1;2;1. Könige 4|2. Korinther 9
Elot;3;1.0;;1;3;1. Könige 9|2. Chronik 26|2. Chronik 8
Milkom;3;0.67;;1;2;1. Könige 11|2. Könige 23
Tibni;3;0.33;;1;1;1. Könige 16
Segub;3;0.67;;1;2;1. Chronik 2|1. Könige 16
Zarpat;3;0.67;;1;2;1. Könige 17|Obadja 1
Erhöre;3;1.0;;1;3;1. Könige 18|Psalmen 143|Psalmen 69
Muts;3;1.0;;1;3;1. Könige 21|2. Chronik 7|Lukas 12
Leget;3;1.0;;1;3;1. Könige 22|2. Könige 10|Joel 4
Wasche;3;1.0;;1;3;2. Könige 5|Jeremia 4|Psalmen 51
Pekachja;3;0.33;;1;1;2. Könige 15
Tiglat-Pileser;3;0.67;;1;2;2. Könige 15|2. Könige 16
Chalach;3;1.0;;1;3;1. Chronik 5|2. Könige 17|2. Könige 18
Chabor;3;1.0;;1;3;1. Chronik 5|2. Könige 17|2. Könige 18
Hena;3;1.0;;1;3;2. Könige 18|2. Könige 19|Jesaja 37
Stadtteil;3;1.0;;1;3;2. Chronik 34|2. Könige 22|Zephanja 1
Hamutal;3;1.0;;1;3;2. Könige 23|2. Könige 24|Jeremia 52
Achtzehn;3;1.0;;1;3;2. Chronik 36|2. Könige 24|2. Könige 25
Einundzwanzig;3;1.0;;1;3;2. Chronik 36|2. Könige 24|Jeremia 52
Nebajot;3;1.0;;1;3;1. Chronik 1|1. Mose 36|Jesaja 60
Mischma;3;0.67;;1;2;1. Chronik 1|1. Chronik 4
Dischon;3;0.33;;1;1;1. Chronik 1
Baal-Chanan;3;0.67;;1;2;1. Chronik 1|1. Chronik 27
Attai;3;0.67;;1;2;1. Chronik 2|2. Chronik 11
Amazja;3;1.0;;1;3;1. Chronik 3|1. Chronik 4|1. Chronik 6
Nearja;3;0.67;;1;2;1. Chronik 3|1. Chronik 4
Pelaja;3;1.0;;1;3;1. Chronik 3|Nehemia 10|Nehemia 8
Eschtemoa;3;0.67;;1;2;1. Chronik 4|1. Chronik 6
Jarib;3;1.0;;1;3;1. Chronik 4|Esra 10|Esra 8
Adiel;3;1.0;;1;3;1. Chronik 27|1. Chronik 4|1. Chronik 9
Bukki;3;0.67;;1;2;1. Chronik 5|1. Chronik 6
Serachja;3;0.67;;1;2;1. Chronik 5|1. Chronik 6
Simma;3;0.67;;1;2;1. Chronik 6|2. Chronik 29
Ebjasaph;3;0.67;;1;2;1. Chronik 6|1. Chronik 9
Jisrachja;3;0.67;;1;2;1. Chronik 7|Nehemia 12
Alemet;3;1.0;;1;3;1. Chronik 7|1. Chronik 8|1. Chronik 9
Schuppim;3;0.67;;1;2;1. Chronik 26|1. Chronik 7
Chuschim;3;0.67;;1;2;1. Chronik 7|1. Chronik 8
Cheber;3;0.67;;1;2;1. Chronik 7|1. Chronik 8
Japhlet;3;0.33;;1;1;1. Chronik 7
Arach;3;1.0;;1;3;1. Chronik 7|Nehemia 6|Nehemia 7
Malkam;3;0.67;;1;2;1. Chronik 8|Jeremia 49
Elpaal;3;0.33;;1;1;1. Chronik 8
Schemer;3;1.0;;1;3;1. Chronik 6|1. Chronik 7|1. Chronik 8
Achjo;3;0.67;;1;2;1. Chronik 8|1. Chronik 9
Sallu;3;1.0;;1;3;1. Chronik 9|Nehemia 11|Nehemia 12
Galal;3;0.67;;1;2;1. Chronik 9|Nehemia 11
Abiel;3;1.0;;1;3;1. Chronik 11|1. Samuel 14|1. Samuel 9
Uria;3;1.0;;1;3;1. Chronik 11|Jesaja 8|Matthäus 1
Jahasiel;3;1.0;;1;3;1. Chronik 12|1. Chronik 23|1. Chronik 24
Jerohams;3;1.0;;1;3;1. Chronik 12|2. Chronik 23|Nehemia 11
Adna;3;1.0;;1;3;1. Chronik 12|Esra 10|Nehemia 12
Maultieren;3;1.0;;1;3;1. Chronik 12|Jesaja 66|Sacharja 14
Liedern;3;1.0;;1;3;1. Chronik 13|Epheser 5|Kolosser 3
Unni;3;0.67;;1;2;1. Chronik 15|Nehemia 12
Asasja;3;1.0;;1;3;1. Chronik 15|1. Chronik 27|2. Chronik 31
Kenanja;3;0.67;;1;2;1. Chronik 15|1. Chronik 26
Jehasiel;3;1.0;;1;3;1. Chronik 16|2. Chronik 20|Esra 8
Erzählet;3;1.0;;1;3;1. Chronik 16|Joel 1|Psalmen 96
Tohu;3;0.67;;1;2;1. Chronik 18|1. Samuel 1
Instrumenten;3;1.0;;1;3;1. Chronik 23|1. Korinther 14|2. Chronik 30
Jahat;3;0.67;;1;2;1. Chronik 23|2. Chronik 34
Bilga;3;0.67;;1;2;1. Chronik 24|Nehemia 12
Petachja;3;1.0;;1;3;1. Chronik 24|Nehemia 11|Nehemia 9
Schubael;3;0.67;;1;2;1. Chronik 24|1. Chronik 25
Aufschluß;3;0.67;;1;2;2. Chronik 9|Johannes 1
Türmen;3;1.0;;1;3;2. Chronik 14|2. Chronik 26|Hesekiel 27
Oded;3;0.67;;1;2;2. Chronik 15|2. Chronik 28
Vertrauet;3;1.0;;1;3;2. Chronik 20|Jesaja 26|Johannes 14
Kananja;3;0.67;;1;2;2. Chronik 31|2. Chronik 35
Minjamin;3;0.67;;1;2;2. Chronik 31|Nehemia 12
Menschenhänden;3;1.0;;1;3;2. Chronik 32|Apostelgeschichte 17|Psalmen 115
Schanden;3;1.0;;1;3;2. Chronik 32|Psalmen 6|Psalmen 79
Karkemisch;3;1.0;;1;3;2. Chronik 35|Jeremia 46|Jesaja 10
Adonikams;3;1.0;;1;3;Esra 2|Esra 8|Nehemia 7
Aters;3;0.67;;1;2;Esra 2|Nehemia 7
Senaas;3;1.0;;1;3;Esra 2|Nehemia 3|Nehemia 7
Pashurs;3;1.0;;1;3;Esra 10|Esra 2|Nehemia 7
Weggeld;3;0.67;;1;2;Esra 4|Esra 7
Gewalttätigkeiten;3;0.67;;1;2;Esra 4|Hiob 34
Ahava;3;0.33;;1;1;Esra 8
Abdi;3;1.0;;1;3;1. Chronik 6|2. Chronik 29|Esra 10
Geschem;3;0.67;;1;2;Nehemia 2|Nehemia 6
Süßes;3;1.0;;1;3;Jakobus 3|Jesaja 5|Nehemia 8
Hasum;3;1.0;;1;3;Esra 10|Nehemia 10|Nehemia 7
Bezai;3;1.0;;1;3;Esra 2|Nehemia 10|Nehemia 7
Jaddua;3;0.67;;1;2;Nehemia 10|Nehemia 12
Bakbukja;3;0.67;;1;2;Nehemia 11|Nehemia 12
Ziha;3;1.0;;1;3;Esra 2|Nehemia 11|Nehemia 7
Hadid;3;1.0;;1;3;Esra 2|Nehemia 11|Nehemia 7
Hosaja;3;1.0;;1;3;Jeremia 42|Jeremia 43|Nehemia 12
Verwaltern;3;1.0;;1;3;1. Korinther 4|Galater 4|Nehemia 13
Memuchan;3;0.33;;1;1;Esther 1
Sorget;3;1.0;;1;3;Esther 5|Matthäus 6|Philipper 4
Hammedatas;3;0.67;;1;2;Esther 8|Esther 9
Trunkene;3;1.0;;1;3;Hiob 12|Jesaja 51|Psalmen 107
Moder;3;1.0;;1;3;Hiob 13|Jesaja 3|Jesaja 5
Keinen;3;1.0;;1;3;Hiob 14|Jesaja 48|Jesaja 57
Verstehst;3;1.0;;1;3;Apostelgeschichte 8|Hiob 15|Hiob 37
Schlangengift;3;0.67;;1;2;Hiob 20|Psalmen 58
Seufzer;3;1.0;;1;3;Hesekiel 2|Hiob 23|Klagelieder 1
Glas;3;0.67;;1;2;Hiob 28|Offenbarung 21
Korallen;3;1.0;;1;3;Hesekiel 27|Hiob 28|Klagelieder 4
Fallstricke;3;1.0;;1;3;Hiob 34|Jeremia 18|Psalmen 140
Teilnahme;3;1.0;;1;3;Hebräer 10|Hiob 42|Jesaja 51
Wälder;3;1.0;;1;3;Jesaja 44|Jesaja 9|Psalmen 29
Vertraue;3;1.0;;1;3;Psalmen 37|Psalmen 62|Sprüche 3
Verwirf;3;1.0;;1;3;Jeremia 14|Psalmen 51|Psalmen 71
Hämmern;3;1.0;;1;3;Jeremia 10|Jesaja 44|Psalmen 74
Kriegsgerät;3;1.0;;1;3;Hosea 2|Prediger 9|Psalmen 76
Stolze;3;1.0;;1;3;Hesekiel 16|Jesaja 2|Psalmen 86
Schämen;3;1.0;;1;3;Jeremia 6|Jeremia 8|Psalmen 97
Grimms;3;1.0;;1;3;Habakuk 2|Jesaja 10|Psalmen 102
Ihnen;3;1.0;;1;3;1. Petrus 1|Psalmen 115|Psalmen 135
Bindet;3;1.0;;1;3;Johannes 11|Matthäus 22|Psalmen 118
Erbarme;3;0.67;;1;2;Matthäus 15|Psalmen 123
Peiniger;3;1.0;;1;3;Psalmen 137|Psalmen 71|Zephanja 3
Rühre;3;1.0;;1;3;Johannes 20|Kolosser 2|Psalmen 144
Ohne;3;1.0;;1;3;Hebräer 11|Markus 4|Sprüche 3
Gier;3;1.0;;1;3;1. Thessalonicher 4|Epheser 4|Sprüche 11
Anstand;3;1.0;;1;3;1. Korinther 14|1. Korinther 7|Sprüche 11
Dummheiten;3;1.0;;1;3;Sprüche 13|Sprüche 14|Sprüche 24
Selbst;3;1.0;;1;3;Jeremia 8|Jesaja 14|Sprüche 17
Züchtige;3;1.0;;1;3;Jeremia 10|Sprüche 19|Sprüche 29
Zweierlei;3;0.67;;1;2;Sprüche 20|Sprüche 30
Geselle;3;1.0;;1;3;Sprüche 22|Sprüche 23|Sprüche 28
Lumpen;3;0.67;;1;2;Jeremia 38|Sprüche 23
Viel;3;1.0;;1;3;1. Korinther 9|Römer 3|Sprüche 25
Itiel;3;0.67;;1;2;Nehemia 11|Sprüche 30
Wiewohl;3;1.0;;1;3;Hosea 7|Johannes 12|Prediger 8
Salben;3;1.0;;1;3;Hohelied 1|Hohelied 4|Lukas 23
Schönste;3;1.0;;1;3;Hohelied 1|Hohelied 5|Hohelied 6
Stärket;3;1.0;;1;3;Hohelied 2|Jesaja 35|Sacharja 8
Rauchsäulen;3;1.0;;1;3;Hohelied 3|Jesaja 9|Joel 3
Pflugscharen;3;1.0;;1;3;Jesaja 2|Joel 4|Micha 4
Nennet;3;1.0;;1;3;Hosea 2|Jesaja 8|Matthäus 23
Kir-Heres;3;0.67;;1;2;Jeremia 48|Jesaja 16
Streiter;3;1.0;;1;3;2. Timotheus 2|Jesaja 19|Philipper 4
Schäme;3;1.0;;1;3;Jeremia 48|Jesaja 23|Jesaja 54
Fahret;3;1.0;;1;3;Jeremia 2|Jesaja 23|Matthäus 8
Erschrecket;3;1.0;;1;3;Jesaja 32|Jesaja 51|Markus 16
Baladan;3;0.67;;1;2;2. Könige 20|Jesaja 39
Anbeginn;3;0.67;;1;2;Jeremia 17|Jesaja 41
Wahn;3;1.0;;1;3;Jeremia 23|Jesaja 41|Römer 1
Gefängnissen;3;1.0;;1;3;2. Korinther 11|2. Korinther 6|Jesaja 42
Frohlocket;3;1.0;;1;3;Jeremia 31|Jesaja 44|Jesaja 49
Brechet;3;1.0;;1;3;Jesaja 44|Jesaja 49|Johannes 2
Verkündiget;3;1.0;;1;3;Jeremia 5|Jeremia 50|Jesaja 48
Umsonst;3;1.0;;1;3;Jeremia 46|Jesaja 52|Matthäus 10
Merkt;3;1.0;;1;3;Jeremia 42|Jeremia 6|Jeremia 9
Giftwasser;3;1.0;;1;3;Jeremia 23|Jeremia 8|Jeremia 9
Klagelieder;3;1.0;;1;3;Amos 5|Jeremia 9|Lukas 7
Kindesnöten;3;1.0;;1;3;Jeremia 13|Jeremia 48|Jeremia 49
Trinket;3;1.0;;1;3;Jeremia 25|Jeremia 35|Matthäus 26
Empfang;3;1.0;;1;3;Jeremia 37|Markus 14|Matthäus 21
Nergal-Sarezer;3;0.33;;1;1;Jeremia 39
Menschenhände;3;1.0;;1;3;Hesekiel 1|Hesekiel 10|Klagelieder 4
Fort;3;1.0;;1;3;Hesekiel 21|Johannes 19|Klagelieder 4
Jojachin;3;0.67;;1;2;Hesekiel 1|Jeremia 52
Staunen;3;1.0;;1;3;Hesekiel 3|Lukas 24|Lukas 5
Wandergeräte;3;0.33;;1;1;Hesekiel 12
Hagelsteine;3;0.67;;1;2;Hesekiel 13|Hesekiel 38
Abnehmer;3;0.33;;1;1;Hesekiel 27
Absatz;3;0.33;;1;1;Hesekiel 43
Sackpfeifen;3;0.33;;1;1;Daniel 3
Mene;3;0.33;;1;1;Daniel 5
Griechenland;3;1.0;;1;3;Apostelgeschichte 20|Daniel 8|Sacharja 9
Stoßt;3;0.67;;1;2;Hosea 5|Joel 2
Polstern;3;1.0;;1;3;Amos 6|Lukas 22|Markus 14
Schlangenbrut;3;1.0;;1;3;Lukas 3|Matthäus 12|Matthäus 3
Betrachtet;3;0.67;;1;2;Lukas 12|Matthäus 6
Trachtet;3;1.0;;1;3;Kolosser 3|Lukas 12|Matthäus 6
Glaubt;3;1.0;;1;3;1. Korinther 14|Johannes 7|Matthäus 9
Bethphage;3;1.0;;1;3;Lukas 19|Markus 11|Matthäus 21
Hungersnöte;3;1.0;;1;3;Lukas 21|Markus 13|Matthäus 24
Fäusten;3;1.0;;1;3;2. Korinther 12|Markus 14|Matthäus 26
Golgatha;3;1.0;;1;3;Johannes 19|Markus 15|Matthäus 27
Unruhen;3;1.0;;1;3;2. Korinther 12|Lukas 21|Markus 13
Abba;3;1.0;;1;3;Galater 4|Markus 14|Römer 8
Gehilfen;3;1.0;;1;3;2. Korinther 1|Apostelgeschichte 19|Lukas 5
Gesetzeslehrer;3;1.0;;1;3;1. Timotheus 1|Apostelgeschichte 5|Lukas 5
Zachäus;3;0.33;;1;1;Lukas 19
Hinweg;3;1.0;;1;3;Apostelgeschichte 21|Apostelgeschichte 22|Lukas 23
Tiberias;3;0.67;;1;2;Johannes 21|Johannes 6
Wäret;3;1.0;;1;3;Johannes 15|Johannes 8|Johannes 9
Pontus;3;1.0;;1;3;1. Petrus 1|Apostelgeschichte 18|Apostelgeschichte 2
Phrygien;3;1.0;;1;3;Apostelgeschichte 16|Apostelgeschichte 18|Apostelgeschichte 2
Lydda;3;0.33;;1;1;Apostelgeschichte 9
Tabitha;3;0.33;;1;1;Apostelgeschichte 9
Bedenken;3;1.0;;1;3;Apostelgeschichte 10|Apostelgeschichte 11|Philipper 2
Phönizien;3;1.0;;1;3;Apostelgeschichte 11|Apostelgeschichte 15|Apostelgeschichte 21
Claudius;3;1.0;;1;3;Apostelgeschichte 11|Apostelgeschichte 18|Apostelgeschichte 23
Perge;3;0.67;;1;2;Apostelgeschichte 13|Apostelgeschichte 14
Beröa;3;0.67;;1;2;Apostelgeschichte 17|Apostelgeschichte 20
Gallion;3;0.33;;1;1;Apostelgeschichte 18
Kenchreä;3;0.67;;1;2;Apostelgeschichte 18|Römer 16
Gespräche;3;0.67;;1;2;Apostelgeschichte 18|Apostelgeschichte 19
Erastus;3;1.0;;1;3;2. Timotheus 4|Apostelgeschichte 19|Römer 16
Milet;3;0.67;;1;2;2. Timotheus 4|Apostelgeschichte 20
Lysias;3;0.67;;1;2;Apostelgeschichte 23|Apostelgeschichte 24
Bälde;3;1.0;;1;3;Apostelgeschichte 25|Offenbarung 1|Offenbarung 22
Bernice;3;0.67;;1;2;Apostelgeschichte 25|Apostelgeschichte 26
Menschenweise;3;1.0;;1;3;1. Korinther 3|Galater 3|Römer 3
Gesetzeswerke;3;0.67;;1;2;Galater 3|Römer 3
Spaltungen;3;1.0;;1;3;1. Korinther 1|1. Korinther 11|Galater 5
Freie;3;1.0;;1;3;1. Korinther 12|1. Korinther 7|1. Petrus 2
Götzenopferfleisch;3;0.67;;1;2;1. Korinther 10|1. Korinther 8
Streitsucht;3;0.67;;1;2;Jakobus 3|Philipper 1
Epaphras;3;1.0;;1;3;Kolosser 1|Kolosser 4|Philemon 1
Lukas;3;1.0;;1;3;2. Timotheus 4|Kolosser 4|Philemon 1
Demas;3;1.0;;1;3;2. Timotheus 4|Kolosser 4|Philemon 1
Grüße;3;1.0;;1;3;2. Timotheus 4|3. Johannes 1|Titus 3
Sardes;3;0.67;;1;2;Offenbarung 1|Offenbarung 3
Würdig;3;0.67;;1;2;Offenbarung 4|Offenbarung 5
Versiegelte;3;0.33;;1;1;Offenbarung 7
Irad;2;0.5;;1;1;1. Mose 4
Mehujael;2;0.5;;1;1;1. Mose 4
Metusael;2;0.5;;1;1;1. Mose 4
Flötenspieler;2;1.0;;1;2;1. Mose 4|Offenbarung 18
Lamechs;2;1.0;;1;2;1. Mose 4|1. Mose 5
Mahalaleels;2;1.0;;1;2;1. Mose 5|Nehemia 11
Räume;2;1.0;;1;2;1. Chronik 28|1. Mose 6
Bestehende;2;0.5;;1;1;1. Mose 7
Madai;2;1.0;;1;2;1. Chronik 1|1. Mose 10
Tiras;2;1.0;;1;2;1. Chronik 1|1. Mose 10
Gomers;2;1.0;;1;2;1. Chronik 1|1. Mose 10
Aschkenas;2;1.0;;1;2;1. Chronik 1|1. Mose 10
Sabta;2;1.0;;1;2;1. Chronik 1|1. Mose 10
Kalne;2;1.0;;1;2;1. Mose 10|Amos 6
Kelach;2;0.5;;1;1;1. Mose 10
Chul;2;1.0;;1;2;1. Chronik 1|1. Mose 10
Geter;2;1.0;;1;2;1. Chronik 1|1. Mose 10
Almodad;2;1.0;;1;2;1. Chronik 1|1. Mose 10
Chazarmavet;2;1.0;;1;2;1. Chronik 1|1. Mose 10
Dikla;2;1.0;;1;2;1. Chronik 1|1. Mose 10
Abimael;2;1.0;;1;2;1. Chronik 1|1. Mose 10
Mesa;2;1.0;;1;2;1. Mose 10|2. Könige 3
Amraphel;2;0.5;;1;1;1. Mose 14
Ellasar;2;0.5;;1;1;1. Mose 14
Hazezon-Tamar;2;1.0;;1;2;1. Mose 14|2. Chronik 20
Tideal;2;0.5;;1;1;1. Mose 14
Eschkol;2;0.5;;1;1;1. Mose 14
Bundesgenossen;2;1.0;;1;2;1. Mose 14|Obadja 1
Kehrt;2;1.0;;1;2;1. Mose 19|Jeremia 25
Mach;2;1.0;;1;2;1. Mose 19|1. Samuel 1
Morija;2;1.0;;1;2;1. Mose 22|2. Chronik 3
Abida;2;1.0;;1;2;1. Chronik 1|1. Mose 25
Eldaa;2;1.0;;1;2;1. Chronik 1|1. Mose 25
Nebajoth;2;1.0;;1;2;1. Mose 25|1. Mose 28
Abdeel;2;1.0;;1;2;1. Mose 25|Jeremia 36
Orts;2;1.0;;1;2;1. Mose 28|5. Mose 21
Entlasse;2;1.0;;1;2;1. Mose 30|Markus 6
Pappeln;2;1.0;;1;2;1. Mose 30|Hosea 4
Gestreifte;2;1.0;;1;2;1. Mose 30|1. Mose 31
Gesprenkelte;2;1.0;;1;2;1. Mose 30|1. Mose 31
Mutterschafe;2;1.0;;1;2;1. Mose 31|Hohelied 6
Galed;2;0.5;;1;1;1. Mose 31
Pniel;2;0.5;;1;1;1. Mose 32
Zepho;2;0.5;;1;1;1. Mose 36
Gaetam;2;0.5;;1;1;1. Mose 36
Nahat;2;1.0;;1;2;1. Mose 36|2. Chronik 31
Hori;2;1.0;;1;2;1. Mose 36|4. Mose 13
Aran;2;1.0;;1;2;1. Chronik 1|1. Mose 36
Dinhaba;2;1.0;;1;2;1. Chronik 1|1. Mose 36
Husam;2;0.5;;1;1;1. Mose 36
Bedads;2;1.0;;1;2;1. Chronik 1|1. Mose 36
Masreka;2;1.0;;1;2;1. Chronik 1|1. Mose 36
Baal-Hanan;2;0.5;;1;1;1. Mose 36
Jetet;2;1.0;;1;2;1. Chronik 1|1. Mose 36
Pinon;2;1.0;;1;2;1. Chronik 1|1. Mose 36
Mibzar;2;1.0;;1;2;1. Chronik 1|1. Mose 36
Magdiel;2;1.0;;1;2;1. Chronik 1|1. Mose 36
Iram;2;1.0;;1;2;1. Chronik 1|1. Mose 36
Tragakanth;2;1.0;;1;2;1. Mose 37|1. Mose 43
Ladanum;2;1.0;;1;2;1. Mose 37|1. Mose 43
Potiphar;2;1.0;;1;2;1. Mose 37|1. Mose 39
Schuas;2;1.0;;1;2;1. Chronik 2|1. Mose 38
Enaim;2;0.5;;1;1;1. Mose 38
Führt;2;1.0;;1;2;1. Mose 38|2. Könige 11
Beugt;2;1.0;;1;2;1. Mose 41|Hiob 8
Schickt;2;1.0;;1;2;1. Mose 42|Jesaja 16
Lässest;2;1.0;;1;2;1. Mose 43|Johannes 19
Mandeln;2;1.0;;1;2;1. Mose 43|4. Mose 17
Wußtet;2;1.0;;1;2;1. Mose 44|Lukas 2
Pflügen;2;1.0;;1;2;1. Mose 45|2. Mose 34
Jemuel;2;1.0;;1;2;1. Mose 46|2. Mose 6
Ohad;2;1.0;;1;2;1. Mose 46|2. Mose 6
Hamul;2;1.0;;1;2;1. Mose 46|4. Mose 26
Sered;2;1.0;;1;2;1. Mose 46|4. Mose 26
Jahleel;2;1.0;;1;2;1. Mose 46|4. Mose 26
Haggi;2;1.0;;1;2;1. Mose 46|4. Mose 26
Suni;2;1.0;;1;2;1. Mose 46|4. Mose 26
Ezbon;2;1.0;;1;2;1. Chronik 7|1. Mose 46
Areli;2;1.0;;1;2;1. Mose 46|4. Mose 26
Malkiel;2;1.0;;1;2;1. Chronik 7|1. Mose 46
Asbel;2;1.0;;1;2;1. Mose 46|4. Mose 26
Jahzeel;2;1.0;;1;2;1. Mose 46|4. Mose 26
Sillem;2;1.0;;1;2;1. Mose 46|4. Mose 26
Schafhirten;2;1.0;;1;2;1. Mose 46|1. Mose 47
Viehzüchter;2;0.5;;1;1;1. Mose 46
Dich;2;1.0;;1;2;1. Mose 49|Jona 4
Traubenblut;2;1.0;;1;2;1. Mose 49|5. Mose 32
Sidon;2;1.0;;1;2;1. Mose 49|Matthäus 11
Fruchtbaum;2;1.0;;1;2;1. Mose 49|Jesaja 17
Atad;2;0.5;;1;1;1. Mose 50
Zwangsarbeit;2;1.0;;1;2;2. Mose 1|Sprüche 12
Feldarbeit;2;1.0;;1;2;2. Mose 1|Sprüche 24
Jochebed;2;1.0;;1;2;2. Mose 6|4. Mose 26
Elzaphan;2;1.0;;1;2;2. Mose 6|3. Mose 10
Führet;2;1.0;;1;2;2. Chronik 23|2. Mose 6
Weigerst;2;1.0;;1;2;2. Mose 7|Jeremia 38
Ofenruß;2;0.5;;1;1;2. Mose 9
Geschwüren;2;1.0;;1;2;2. Mose 9|Hiob 2
Blattern;2;0.5;;1;1;2. Mose 9
Diesmal;2;1.0;;1;2;2. Mose 9|Richter 15
Vorväter;2;1.0;;1;2;2. Mose 10|Jeremia 11
Einerlei;2;1.0;;1;2;2. Mose 12|4. Mose 9
Pi-Hahiroth;2;0.5;;1;1;2. Mose 14
Koriandersamen;2;1.0;;1;2;2. Mose 16|4. Mose 11
Beule;2;0.5;;1;1;2. Mose 21
Stößt;2;1.0;;1;2;2. Mose 21|4. Mose 35
Worin;2;1.0;;1;2;2. Mose 22|Maleachi 3
Schreit;2;1.0;;1;2;2. Mose 22|Hiob 6
Aschentöpfe;2;1.0;;1;2;2. Mose 27|2. Mose 38
Olivenöl;2;1.0;;1;2;2. Mose 27|2. Mose 30
Siegelschrift;2;1.0;;1;2;2. Mose 28|2. Mose 39
Beinkleider;2;1.0;;1;2;2. Mose 28|3. Mose 6
Gürteln;2;1.0;;1;2;2. Mose 29|Offenbarung 15
Zimmet;2;1.0;;1;2;2. Mose 30|Offenbarung 18
Kalmus;2;1.0;;1;2;2. Mose 30|Hohelied 4
Dieselben;2;1.0;;1;2;2. Mose 38|Richter 3
Daraus;2;1.0;;1;2;2. Mose 38|Jeremia 18
Fäden;2;1.0;;1;2;2. Mose 39|Richter 15
Mützen;2;1.0;;1;2;2. Mose 39|3. Mose 8
Besteht;2;0.5;;1;1;3. Mose 3
Unreinem;2;1.0;;1;2;3. Mose 7|Hesekiel 44
Getier;2;1.0;;1;2;3. Mose 11|Hesekiel 8
Strandläufer;2;1.0;;1;2;3. Mose 11|5. Mose 14
Fällt;2;1.0;;1;2;3. Mose 11|Psalmen 37
Bartes;2;1.0;;1;2;3. Mose 19|3. Mose 21
Flechten;2;1.0;;1;2;3. Mose 21|3. Mose 22
Festversammlungen;2;1.0;;1;2;3. Mose 23|Amos 5
Wohnsitzen;2;1.0;;1;2;3. Mose 23|Hesekiel 6
Vetters;2;1.0;;1;2;3. Mose 25|Jeremia 32
Blutsverwandter;2;1.0;;1;2;3. Mose 25|4. Mose 5
Fieberhitze;2;1.0;;1;2;3. Mose 26|5. Mose 28
Blatt;2;1.0;;1;2;3. Mose 26|Hiob 13
Weiht;2;0.5;;1;1;3. Mose 27
Mustere;2;0.5;;1;1;4. Mose 3
Hobab;2;1.0;;1;2;4. Mose 10|Richter 4
Tabeera;2;1.0;;1;2;4. Mose 11|5. Mose 9
Sammle;2;1.0;;1;2;4. Mose 11|Hesekiel 24
Eldad;2;0.5;;1;1;4. Mose 11
Wuchs;2;1.0;;1;2;4. Mose 13|Hohelied 7
Schrotmehls;2;0.5;;1;1;4. Mose 15
Quasten;2;1.0;;1;2;4. Mose 15|5. Mose 22
Entfernt;2;1.0;;1;2;4. Mose 16|4. Mose 17
Geweihte;2;1.0;;1;2;1. Chronik 26|4. Mose 18
Sündopfern;2;1.0;;1;2;2. Könige 12|4. Mose 18
Schuldopfern;2;1.0;;1;2;2. Könige 12|4. Mose 18
Beer;2;1.0;;1;2;4. Mose 21|Richter 9
Mattana;2;0.5;;1;1;4. Mose 21
Nahaliel;2;0.5;;1;1;4. Mose 21
Bamot;2;0.5;;1;1;4. Mose 21
Petor;2;1.0;;1;2;4. Mose 22|5. Mose 23
Kosbi;2;0.5;;1;1;4. Mose 25
Peors;2;0.5;;1;1;4. Mose 25
Helek;2;1.0;;1;2;4. Mose 26|Josua 17
Sutelah;2;0.5;;1;1;4. Mose 26
Rüstet;2;1.0;;1;2;4. Mose 31|Jeremia 46
Reba;2;1.0;;1;2;4. Mose 31|Josua 13
Jogbeha;2;1.0;;1;2;4. Mose 32|Richter 8
Beth-Nimra;2;1.0;;1;2;4. Mose 32|Josua 13
Kenat;2;1.0;;1;2;1. Chronik 2|4. Mose 32
Pi-Hahirot;2;0.5;;1;1;4. Mose 33
Dophka;2;0.5;;1;1;4. Mose 33
Alus;2;0.5;;1;1;4. Mose 33
Ritma;2;0.5;;1;1;4. Mose 33
Rimmon-Parez;2;0.5;;1;1;4. Mose 33
Rissa;2;0.5;;1;1;4. Mose 33
Kehelata;2;0.5;;1;1;4. Mose 33
Sapher;2;0.5;;1;1;4. Mose 33
Harada;2;0.5;;1;1;4. Mose 33
Makhelot;2;0.5;;1;1;4. Mose 33
Tahat;2;0.5;;1;1;4. Mose 33
Tarach;2;0.5;;1;1;4. Mose 33
Mitka;2;0.5;;1;1;4. Mose 33
Hasmona;2;0.5;;1;1;4. Mose 33
Moserot;2;0.5;;1;1;4. Mose 33
Bnejaakan;2;0.5;;1;1;4. Mose 33
Hor-Hagidgad;2;0.5;;1;1;4. Mose 33
Jothbata;2;0.5;;1;1;4. Mose 33
Abrona;2;0.5;;1;1;4. Mose 33
Zalmona;2;0.5;;1;1;4. Mose 33
Punon;2;0.5;;1;1;4. Mose 33
Jje-Abarim;2;0.5;;1;1;4. Mose 33
Dibon-Gad;2;0.5;;1;1;4. Mose 33
Almon-Diblataim;2;0.5;;1;1;4. Mose 33
Stacheln;2;1.0;;1;2;4. Mose 33|Offenbarung 9
Akrabbim;2;1.0;;1;2;4. Mose 34|Josua 15
Zedad;2;1.0;;1;2;4. Mose 34|Hesekiel 47
Hazar-Enan;2;0.5;;1;1;4. Mose 34
Sepham;2;0.5;;1;1;4. Mose 34
Schaffet;2;1.0;;1;2;5. Mose 1|Jeremia 22
Gudgodah;2;0.5;;1;1;5. Mose 10
Zerstöret;2;1.0;;1;2;5. Mose 12|Psalmen 137
Dahin;2;1.0;;1;2;5. Mose 12|Johannes 19
Behalte;2;1.0;;1;2;5. Mose 12|Daniel 5
Bereite;2;1.0;;1;2;5. Mose 19|Lukas 17
Stellt;2;1.0;;1;2;5. Mose 19|Hiob 12
Schändliches;2;1.0;;1;2;5. Mose 23|5. Mose 24
Hohlmaß;2;0.5;;1;1;5. Mose 25
Backtrog;2;0.5;;1;1;5. Mose 28
Wahnsinn;2;1.0;;1;2;5. Mose 28|Sacharja 12
Ungnade;2;1.0;;1;2;5. Mose 29|Psalmen 78
Schandflecken;2;1.0;;1;2;2. Petrus 2|5. Mose 32
Gestein;2;1.0;;1;2;5. Mose 32|Hiob 28
Jubelt;2;1.0;;1;2;5. Mose 32|Psalmen 81
Vertilge;2;1.0;;1;2;5. Mose 33|Psalmen 59
Jaget;2;1.0;;1;2;Hebräer 12|Josua 2
Steiget;2;1.0;;1;2;Josua 4|Offenbarung 11
Gebanntes;2;1.0;;1;2;Josua 7|Offenbarung 22
Speisevorrat;2;0.5;;1;1;Josua 9
Adoni-Zedek;2;0.5;;1;1;Josua 10
Öffnet;2;1.0;;1;2;Jeremia 50|Josua 10
Madon;2;1.0;;1;2;Josua 11|Josua 12
Merom;2;0.5;;1;1;Josua 11
Anab;2;1.0;;1;2;Josua 11|Josua 15
Makkeda;2;1.0;;1;2;Josua 12|Josua 15
Mephaat;2;1.0;;1;2;1. Chronik 6|Josua 13
Zaphon;2;1.0;;1;2;Josua 13|Richter 12
Karka;2;1.0;;1;2;Esther 1|Josua 15
Bohan;2;1.0;;1;2;Josua 15|Josua 18
Adummim;2;1.0;;1;2;Josua 15|Josua 18
En-Semes;2;1.0;;1;2;Josua 15|Josua 18
Nephtoach;2;1.0;;1;2;Josua 15|Josua 18
Jabneel;2;1.0;;1;2;Josua 15|Josua 19
Arba;2;1.0;;1;2;Josua 15|Josua 21
Telem;2;1.0;;1;2;Esra 10|Josua 15
Bealot;2;1.0;;1;2;1. Könige 4|Josua 15
Madmanna;2;1.0;;1;2;1. Chronik 2|Josua 15
En-Gannim;2;1.0;;1;2;Josua 15|Josua 19
Saaraim;2;1.0;;1;2;1. Samuel 17|Josua 15
Jokteel;2;1.0;;1;2;2. Könige 14|Josua 15
Bozkat;2;1.0;;1;2;2. Könige 22|Josua 15
Gederot;2;1.0;;1;2;2. Chronik 28|Josua 15
Beth-Dagon;2;1.0;;1;2;Josua 15|Josua 19
Eter;2;1.0;;1;2;Josua 15|Josua 19
Asan;2;1.0;;1;2;Josua 15|Josua 19
Holon;2;1.0;;1;2;Josua 15|Josua 21
Gilo;2;1.0;;1;2;2. Samuel 15|Josua 15
Kirjat-Baal;2;1.0;;1;2;Josua 15|Josua 18
Atarot-Addar;2;1.0;;1;2;Josua 16|Josua 18
Mikmetat;2;1.0;;1;2;Josua 16|Josua 17
Nahal-Kana;2;1.0;;1;2;Josua 16|Josua 17
Zemaraim;2;1.0;;1;2;2. Chronik 13|Josua 18
Kephira;2;1.0;;1;2;Josua 18|Nehemia 7
Zela;2;1.0;;1;2;2. Samuel 21|Josua 18
Betuel;2;1.0;;1;2;1. Chronik 4|Josua 19
Sarid;2;0.5;;1;1;Josua 19
Dabrat;2;1.0;;1;2;1. Chronik 6|Josua 19
Gat-Hepher;2;1.0;;1;2;2. Könige 14|Josua 19
Jephta-El;2;0.5;;1;1;Josua 19
Nahalal;2;1.0;;1;2;Josua 19|Josua 21
Kisjon;2;1.0;;1;2;Josua 19|Josua 21
Helkat;2;1.0;;1;2;Josua 19|Josua 21
Miseal;2;1.0;;1;2;Josua 19|Josua 21
Kabul;2;1.0;;1;2;1. Könige 9|Josua 19
Elteke;2;1.0;;1;2;Josua 19|Josua 21
Baalat;2;1.0;;1;2;2. Chronik 8|Josua 19
Timnat-Serach;2;1.0;;1;2;Josua 19|Josua 24
Estemoa;2;1.0;;1;2;1. Samuel 30|Josua 21
Loses;2;1.0;;1;2;1. Chronik 6|Josua 21
Gaasch;2;1.0;;1;2;Josua 24|Richter 2
Akko;2;1.0;;1;2;Micha 1|Richter 1
Saalbim;2;1.0;;1;2;1. Könige 4|Richter 1
Bochim;2;0.5;;1;1;Richter 2
Überall;2;1.0;;1;2;Apostelgeschichte 20|Richter 2
Baal-Hermon;2;1.0;;1;2;1. Chronik 5|Richter 3
Samgar;2;1.0;;1;2;Richter 3|Richter 5
Anats;2;1.0;;1;2;Richter 3|Richter 5
Wohlauf;2;1.0;;1;2;1. Samuel 23|Richter 5
Fürchtest;2;1.0;;1;2;Lukas 23|Richter 7
Pura;2;0.5;;1;1;Richter 7
Beth-Bara;2;0.5;;1;1;Richter 7
Wegelagerer;2;1.0;;1;2;Esra 8|Richter 9
Minnit;2;1.0;;1;2;Hesekiel 27|Richter 11
Ibzan;2;0.5;;1;1;Richter 12
Hillels;2;0.5;;1;1;Richter 12
Überrede;2;1.0;;1;2;Richter 14|Richter 16
Beth-Rechob;2;1.0;;1;2;2. Samuel 10|Richter 18
Begeht;2;1.0;;1;2;Jeremia 44|Richter 19
Ephratiter;2;1.0;;1;2;1. Samuel 17|Ruth 1
Orpa;2;0.5;;1;1;Ruth 1
Schwiegertöchtern;2;0.5;;1;1;Ruth 1
Wolltet;2;1.0;;1;2;Matthäus 11|Ruth 1
Schwägerin;2;0.5;;1;1;Ruth 1
Ikabod;2;1.0;;1;2;1. Samuel 14|1. Samuel 4
Nachbildungen;2;0.5;;1;1;1. Samuel 6
Matri;2;0.5;;1;1;1. Samuel 10
Bedan;2;1.0;;1;2;1. Chronik 7|1. Samuel 12
Solltet;2;1.0;;1;2;1. Samuel 12|Nehemia 5
Schual;2;1.0;;1;2;1. Chronik 7|1. Samuel 13
Beilen;2;1.0;;1;2;1. Samuel 13|Psalmen 74
Spieß;2;1.0;;1;2;1. Samuel 13|1. Samuel 17
Migron;2;1.0;;1;2;1. Samuel 14|Jesaja 10
Zählet;2;1.0;;1;2;1. Samuel 14|Jesaja 29
Jischwi;2;1.0;;1;2;1. Chronik 7|1. Samuel 14
Bringst;2;1.0;;1;2;1. Samuel 16|2. Könige 5
Speers;2;1.0;;1;2;1. Samuel 17|Habakuk 3
Adriel;2;1.0;;1;2;1. Samuel 18|2. Samuel 21
Urlaub;2;1.0;;1;2;1. Samuel 20|Nehemia 13
Schnell;2;1.0;;1;2;1. Samuel 20|Hiob 24
Anführern;2;0.5;;1;1;1. Samuel 22
Gallim;2;1.0;;1;2;1. Samuel 25|Jesaja 10
Endor;2;1.0;;1;2;1. Samuel 28|Psalmen 83
Hunderten;2;1.0;;1;2;1. Samuel 29|2. Samuel 18
Malchischua;2;1.0;;1;2;1. Chronik 10|1. Samuel 31
Todesangst;2;1.0;;1;2;2. Samuel 1|Lukas 22
Tagesanbruch;2;1.0;;1;2;2. Samuel 2|Hiob 24
Jitream;2;1.0;;1;2;1. Chronik 3|2. Samuel 3
Egla;2;1.0;;1;2;1. Chronik 3|2. Samuel 3
Zerreißet;2;1.0;;1;2;2. Samuel 3|Joel 2
Rottenführer;2;1.0;;1;2;1. Könige 11|2. Samuel 4
Gittaim;2;1.0;;1;2;2. Samuel 4|Nehemia 11
Sobab;2;1.0;;1;2;1. Chronik 14|2. Samuel 5
Elischua;2;1.0;;1;2;1. Chronik 14|2. Samuel 5
Perez-Ussa;2;1.0;;1;2;1. Chronik 13|2. Samuel 6
Jubelgeschrei;2;1.0;;1;2;2. Samuel 6|Esra 3
Sobach;2;0.5;;1;1;2. Samuel 10
Verstärke;2;1.0;;1;2;2. Samuel 11|Nahum 3
Königstöchter;2;1.0;;1;2;2. Samuel 13|Psalmen 45
Schafschur;2;0.5;;1;1;2. Samuel 13
Roglim;2;1.0;;1;2;2. Samuel 17|2. Samuel 19
Bohnen;2;1.0;;1;2;2. Samuel 17|Hesekiel 4
Adoram;2;1.0;;1;2;1. Könige 12|2. Samuel 20
Sibechai;2;1.0;;1;2;1. Chronik 20|2. Samuel 21
Goliat;2;1.0;;1;2;1. Chronik 20|2. Samuel 21
Todeswehen;2;1.0;;1;2;2. Samuel 22|Psalmen 18
Todesschlingen;2;1.0;;1;2;2. Samuel 22|Psalmen 18
Itai;2;1.0;;1;2;1. Chronik 11|2. Samuel 23
Ribais;2;1.0;;1;2;1. Chronik 11|2. Samuel 23
Eljachba;2;1.0;;1;2;1. Chronik 11|2. Samuel 23
Achiam;2;1.0;;1;2;1. Chronik 11|2. Samuel 23
Eliam;2;1.0;;1;2;2. Samuel 11|2. Samuel 23
Zelek;2;1.0;;1;2;1. Chronik 11|2. Samuel 23
Dreierlei;2;1.0;;1;2;1. Chronik 21|2. Samuel 24
Brennholz;2;1.0;;1;2;1. Chronik 21|2. Samuel 24
Kriegsblut;2;0.5;;1;1;1. Könige 2
Adoniram;2;1.0;;1;2;1. Könige 4|1. Könige 5
Jokmeam;2;1.0;;1;2;1. Chronik 6|1. Könige 4
Tiphsach;2;1.0;;1;2;1. Könige 5|2. Könige 15
Kalkol;2;1.0;;1;2;1. Chronik 2|1. Könige 5
Blättern;2;0.5;;1;1;1. Könige 6
Quadersteinen;2;1.0;;1;2;1. Könige 6|Amos 5
Bauart;2;1.0;;1;2;1. Könige 7|Psalmen 144
Granatäpfeln;2;1.0;;1;2;1. Könige 7|Jeremia 52
Königtums;2;1.0;;1;2;1. Könige 9|Daniel 5
Tadmor;2;1.0;;1;2;1. Könige 9|2. Chronik 8
Leibeigenen;2;1.0;;1;2;1. Könige 9|2. Chronik 8
Affen;2;1.0;;1;2;1. Könige 10|2. Chronik 9
Pfauen;2;1.0;;1;2;1. Könige 10|2. Chronik 9
Rüstungen;2;1.0;;1;2;1. Könige 10|2. Könige 10
Kaufleuten;2;1.0;;1;2;1. Könige 10|2. Chronik 1
Genubat;2;0.5;;1;1;1. Könige 11
Zareda;2;1.0;;1;2;1. Könige 11|2. Chronik 4
Menschengebeine;2;1.0;;1;2;1. Könige 13|2. Könige 23
Sattelt;2;0.5;;1;1;1. Könige 13
Abisaloms;2;0.5;;1;1;1. Könige 15
Ginats;2;0.5;;1;1;1. Könige 16
Semer;2;0.5;;1;1;1. Könige 16
Krit;2;0.5;;1;1;1. Könige 17
Gebackenes;2;0.5;;1;1;1. Könige 17
Rufet;2;1.0;;1;2;1. Könige 18|Joel 4
Spießen;2;1.0;;1;2;1. Könige 18|Joel 4
Erzeige;2;1.0;;1;2;1. Könige 21|Psalmen 17
Befrage;2;1.0;;1;2;1. Könige 22|2. Chronik 18
Hiermit;2;1.0;;1;2;1. Könige 22|2. Chronik 18
Silhis;2;1.0;;1;2;1. Könige 22|2. Chronik 20
Erbitte;2;1.0;;1;2;2. Könige 2|Markus 6
Möchte;2;1.0;;1;2;2. Könige 2|Hiob 34
Kahlkopf;2;0.5;;1;1;2. Könige 2
Kir-Hareset;2;1.0;;1;2;2. Könige 3|Jesaja 16
Lebe;2;1.0;;1;2;2. Könige 4|Apostelgeschichte 23
Schütte;2;1.0;;1;2;2. Könige 4|Klagelieder 2
Lassen;2;1.0;;1;2;2. Könige 7|Johannes 11
Erzähle;2;1.0;;1;2;2. Könige 8|Daniel 2
Zweiunddreißig;2;1.0;;1;2;2. Chronik 21|2. Könige 8
Ausgaben;2;1.0;;1;2;2. Könige 12|Philipper 4
Geiseln;2;1.0;;1;2;2. Chronik 25|2. Könige 14
Gadis;2;0.5;;1;1;2. Könige 15
Ijon;2;1.0;;1;2;2. Chronik 16|2. Könige 15
Jerusa;2;1.0;;1;2;2. Chronik 27|2. Könige 15
Salmanassar;2;1.0;;1;2;2. Könige 17|2. Könige 18
Rezeph;2;1.0;;1;2;2. Könige 19|Jesaja 37
Telassar;2;1.0;;1;2;2. Könige 19|Jesaja 37
Lustgartens;2;1.0;;1;2;2. Könige 19|Jesaja 37
Einziehen;2;1.0;;1;2;2. Könige 19|Jesaja 37
Nisroch;2;1.0;;1;2;2. Könige 19|Jesaja 37
Bestelle;2;1.0;;1;2;2. Könige 20|Psalmen 109
Wolkendeuterei;2;1.0;;1;2;2. Chronik 33|2. Könige 21
Azaljas;2;1.0;;1;2;2. Chronik 34|2. Könige 22
Hulda;2;1.0;;1;2;2. Chronik 34|2. Könige 22
Tikwas;2;1.0;;1;2;2. Könige 22|Esra 10
Dreiundzwanzig;2;1.0;;1;2;2. Chronik 36|2. Könige 23
Tanchumets;2;1.0;;1;2;2. Könige 25|Jeremia 40
Evil-Merodach;2;1.0;;1;2;2. Könige 25|Jeremia 52
Meschech;2;0.5;;1;1;1. Chronik 1
Tarschisch;2;1.0;;1;2;1. Chronik 1|1. Chronik 7
Jetur;2;1.0;;1;2;1. Chronik 1|1. Chronik 5
Naphisch;2;1.0;;1;2;1. Chronik 1|1. Chronik 5
Dischan;2;0.5;;1;1;1. Chronik 1
Manachat;2;1.0;;1;2;1. Chronik 1|1. Chronik 8
Jitran;2;1.0;;1;2;1. Chronik 1|1. Chronik 7
Chuscham;2;0.5;;1;1;1. Chronik 1
Mehetabeel;2;1.0;;1;2;1. Chronik 1|Nehemia 6
Schela;2;1.0;;1;2;1. Chronik 2|1. Chronik 4
Nachschon;2;0.5;;1;1;1. Chronik 2
Ozem;2;0.5;;1;1;1. Chronik 2
Schobab;2;1.0;;1;2;1. Chronik 2|1. Chronik 3
Aschchur;2;1.0;;1;2;1. Chronik 2|1. Chronik 4
Jada;2;0.5;;1;1;1. Chronik 2
Abischur;2;0.5;;1;1;1. Chronik 2
Seled;2;0.5;;1;1;1. Chronik 2
Appaim;2;0.5;;1;1;1. Chronik 2
Jarcha;2;0.5;;1;1;1. Chronik 2
Ephlal;2;0.5;;1;1;1. Chronik 2
Sismai;2;0.5;;1;1;1. Chronik 2
Jekamia;2;0.5;;1;1;1. Chronik 2
Mescha;2;1.0;;1;2;1. Chronik 2|1. Chronik 8
Charan;2;0.5;;1;1;1. Chronik 2
Gases;2;0.5;;1;1;1. Chronik 2
Schaaph;2;0.5;;1;1;1. Chronik 2
Noga;2;1.0;;1;2;1. Chronik 14|1. Chronik 3
Jechonjas;2;1.0;;1;2;1. Chronik 3|Jeremia 37
Schechanjas;2;0.5;;1;1;1. Chronik 3
Schaphat;2;1.0;;1;2;1. Chronik 3|1. Chronik 5
Penuel;2;1.0;;1;2;1. Chronik 4|1. Chronik 8
Kelub;2;1.0;;1;2;1. Chronik 27|1. Chronik 4
Eschton;2;0.5;;1;1;1. Chronik 4
Nachasch;2;1.0;;1;2;1. Chronik 4|2. Samuel 17
Jehallelels;2;1.0;;1;2;1. Chronik 4|2. Chronik 29
Mered;2;0.5;;1;1;1. Chronik 4
Aschan;2;1.0;;1;2;1. Chronik 4|1. Chronik 6
Beera;2;1.0;;1;2;1. Chronik 5|1. Chronik 7
Hodawja;2;1.0;;1;2;1. Chronik 5|1. Chronik 9
Kriegshelden;2;1.0;;1;2;1. Chronik 11|1. Chronik 5
Amzis;2;1.0;;1;2;1. Chronik 6|Nehemia 11
Jaschub;2;1.0;;1;2;1. Chronik 7|Esra 10
Chuppim;2;0.5;;1;1;1. Chronik 7
Schutelach;2;0.5;;1;1;1. Chronik 7
Zophach;2;0.5;;1;1;1. Chronik 7
Beri;2;1.0;;1;2;1. Chronik 7|1. Mose 26
Zibja;2;1.0;;1;2;1. Chronik 8|2. Chronik 24
Schaschak;2;0.5;;1;1;1. Chronik 8
Jakim;2;1.0;;1;2;1. Chronik 24|1. Chronik 8
Atalja;2;1.0;;1;2;1. Chronik 8|Esra 8
Eschbaal;2;1.0;;1;2;1. Chronik 8|1. Chronik 9
Piton;2;1.0;;1;2;1. Chronik 8|1. Chronik 9
Melech;2;1.0;;1;2;1. Chronik 8|1. Chronik 9
Joadda;2;0.5;;1;1;1. Chronik 8
Binea;2;1.0;;1;2;1. Chronik 8|1. Chronik 9
Bochru;2;1.0;;1;2;1. Chronik 8|1. Chronik 9
Jismael;2;1.0;;1;2;1. Chronik 8|1. Chronik 9
Schearja;2;1.0;;1;2;1. Chronik 8|1. Chronik 9
Utai;2;1.0;;1;2;1. Chronik 9|Esra 8
Imris;2;1.0;;1;2;1. Chronik 9|Nehemia 3
Hassenuas;2;1.0;;1;2;1. Chronik 9|Nehemia 11
Termin;2;0.5;;1;1;1. Chronik 9
Jara;2;0.5;;1;1;1. Chronik 9
Jasobeam;2;1.0;;1;2;1. Chronik 11|1. Chronik 12
Jaasiel;2;1.0;;1;2;1. Chronik 11|1. Chronik 27
Jischija;2;1.0;;1;2;1. Chronik 12|1. Chronik 23
Elsabad;2;1.0;;1;2;1. Chronik 12|1. Chronik 26
Eliphelehu;2;0.5;;1;1;1. Chronik 15
Mikneja;2;0.5;;1;1;1. Chronik 15
Asiel;2;1.0;;1;2;1. Chronik 15|1. Chronik 4
Rühmet;2;1.0;;1;2;1. Chronik 16|Psalmen 105
Dieners;2;1.0;;1;2;1. Chronik 16|Lukas 1
Tastet;2;1.0;;1;2;1. Chronik 16|Psalmen 105
Erzittert;2;1.0;;1;2;1. Chronik 16|Psalmen 4
Sophach;2;0.5;;1;1;1. Chronik 19
Geldwert;2;0.5;;1;1;1. Chronik 21
Setam;2;1.0;;1;2;1. Chronik 23|1. Chronik 26
Sina;2;0.5;;1;1;1. Chronik 23
Berija;2;0.5;;1;1;1. Chronik 23
Jekameam;2;1.0;;1;2;1. Chronik 23|1. Chronik 24
Hesir;2;1.0;;1;2;1. Chronik 24|Nehemia 10
Maasja;2;1.0;;1;2;1. Chronik 24|Nehemia 10
Jechdeja;2;1.0;;1;2;1. Chronik 24|1. Chronik 27
Selomot;2;0.5;;1;1;1. Chronik 24
Beno;2;0.5;;1;1;1. Chronik 24
Jaasia;2;0.5;;1;1;1. Chronik 24
Buckija;2;0.5;;1;1;1. Chronik 25
Schebuel;2;1.0;;1;2;1. Chronik 25|1. Chronik 26
Chanani;2;0.5;;1;1;1. Chronik 25
Eliata;2;0.5;;1;1;1. Chronik 25
Romamti-Eser;2;0.5;;1;1;1. Chronik 25
Joschbekascha;2;0.5;;1;1;1. Chronik 25
Malloti;2;0.5;;1;1;1. Chronik 25
Hotir;2;0.5;;1;1;1. Chronik 25
Machasiot;2;0.5;;1;1;1. Chronik 25
Gegenstände;2;1.0;;1;2;1. Chronik 26|1. Chronik 28
Cheldai;2;1.0;;1;2;1. Chronik 27|Sacharja 6
Geben;2;1.0;;1;2;1. Chronik 29|Apostelgeschichte 20
Kanzel;2;1.0;;1;2;2. Chronik 6|Nehemia 8
Arms;2;1.0;;1;2;2. Chronik 6|Jesaja 9
Erleichtere;2;1.0;;1;2;2. Chronik 10|Psalmen 25
Legt;2;1.0;;1;2;2. Chronik 18|Psalmen 58
Trompetenklang;2;1.0;;1;2;2. Chronik 20|Zephanja 1
Joschabat;2;0.5;;1;1;2. Chronik 22
Panzern;2;1.0;;1;2;2. Chronik 26|Nehemia 4
Tiglat-Pilneser;2;1.0;;1;2;1. Chronik 5|2. Chronik 28
Machat;2;1.0;;1;2;1. Chronik 6|2. Chronik 29
Ländereien;2;1.0;;1;2;2. Chronik 31|Daniel 11
Ärgeres;2;1.0;;1;2;2. Chronik 33|Johannes 5
Nataneel;2;1.0;;1;2;1. Chronik 24|2. Chronik 35
Mitredat;2;1.0;;1;2;Esra 1|Esra 4
Mordechai;2;1.0;;1;2;Esra 2|Nehemia 7
Bilsan;2;1.0;;1;2;Esra 2|Nehemia 7
Sakkais;2;1.0;;1;2;Esra 2|Nehemia 7
Lods;2;1.0;;1;2;Esra 2|Nehemia 7
Onos;2;1.0;;1;2;Esra 2|Nehemia 7
Hatitas;2;1.0;;1;2;Esra 2|Nehemia 7
Sobais;2;1.0;;1;2;Esra 2|Nehemia 7
Hasuphas;2;1.0;;1;2;Esra 2|Nehemia 7
Tabbaots;2;1.0;;1;2;Esra 2|Nehemia 7
Keros;2;1.0;;1;2;Esra 2|Nehemia 7
Padons;2;1.0;;1;2;Esra 2|Nehemia 7
Lebanas;2;1.0;;1;2;Esra 2|Nehemia 7
Hagabas;2;1.0;;1;2;Esra 2|Nehemia 7
Gahars;2;1.0;;1;2;Esra 2|Nehemia 7
Besais;2;1.0;;1;2;Esra 2|Nehemia 7
Bakbuks;2;1.0;;1;2;Esra 2|Nehemia 7
Hakuphas;2;1.0;;1;2;Esra 2|Nehemia 7
Harhurs;2;1.0;;1;2;Esra 2|Nehemia 7
Mehidas;2;1.0;;1;2;Esra 2|Nehemia 7
Harsas;2;1.0;;1;2;Esra 2|Nehemia 7
Barkos;2;1.0;;1;2;Esra 2|Nehemia 7
Neziachs;2;1.0;;1;2;Esra 2|Nehemia 7
Hatiphas;2;1.0;;1;2;Esra 2|Nehemia 7
Sotais;2;1.0;;1;2;Esra 2|Nehemia 7
Sopherets;2;1.0;;1;2;Esra 2|Nehemia 7
Jaalas;2;1.0;;1;2;Esra 2|Nehemia 7
Darkons;2;1.0;;1;2;Esra 2|Nehemia 7
Hattils;2;1.0;;1;2;Esra 2|Nehemia 7
Pocherets;2;1.0;;1;2;Esra 2|Nehemia 7
Zebajim;2;1.0;;1;2;Esra 2|Nehemia 7
Tel-Melach;2;1.0;;1;2;Esra 2|Nehemia 7
Tel-Harsa;2;1.0;;1;2;Esra 2|Nehemia 7
Kerub;2;1.0;;1;2;Esra 2|Nehemia 7
Grundfeste;2;1.0;;1;2;1. Timotheus 3|Esra 3
Tabeel;2;1.0;;1;2;Esra 4|Jesaja 7
Apharsach;2;1.0;;1;2;Esra 5|Esra 6
Kasiphja;2;0.5;;1;1;Esra 8
Noadja;2;1.0;;1;2;Esra 8|Nehemia 6
Sabbetai;2;1.0;;1;2;Esra 10|Nehemia 11
Jischja;2;0.5;;1;1;Esra 10
Sabbai;2;1.0;;1;2;Esra 10|Nehemia 3
Mallach;2;0.5;;1;1;Esra 10
Mattenai;2;0.5;;1;1;Esra 10
Hachaljas;2;1.0;;1;2;Nehemia 1|Nehemia 10
Nisan;2;1.0;;1;2;Esther 3|Nehemia 2
Hallohes;2;1.0;;1;2;Nehemia 10|Nehemia 3
Beth-Kerem;2;1.0;;1;2;Jeremia 6|Nehemia 3
Netopha;2;1.0;;1;2;Esra 2|Nehemia 7
Anaja;2;1.0;;1;2;Nehemia 10|Nehemia 8
Kelita;2;1.0;;1;2;Nehemia 10|Nehemia 8
Palmzweige;2;1.0;;1;2;Johannes 12|Nehemia 8
Vierzig;2;1.0;;1;2;Nehemia 9|Psalmen 95
Obstbäume;2;1.0;;1;2;Nehemia 9|Psalmen 148
Paschchur;2;1.0;;1;2;Nehemia 10|Nehemia 11
Ather;2;1.0;;1;2;Nehemia 10|Nehemia 7
Hariph;2;1.0;;1;2;Nehemia 10|Nehemia 7
Mesesabeel;2;1.0;;1;2;Nehemia 10|Nehemia 11
Kolajas;2;1.0;;1;2;Jeremia 29|Nehemia 11
Sallai;2;1.0;;1;2;Nehemia 11|Nehemia 12
Sabdiel;2;1.0;;1;2;1. Chronik 27|Nehemia 11
Abda;2;1.0;;1;2;1. Könige 4|Nehemia 11
Ananja;2;1.0;;1;2;Nehemia 11|Nehemia 3
Amok;2;0.5;;1;1;Nehemia 12
Eljaschip;2;0.5;;1;1;Nehemia 12
Dankchöre;2;0.5;;1;1;Nehemia 12
Lobgesänge;2;1.0;;1;2;Jesaja 24|Nehemia 12
Indien;2;1.0;;1;2;Esther 1|Esther 8
Zwang;2;1.0;;1;2;2. Korinther 9|Esther 1
Setar;2;0.5;;1;1;Esther 1
Beamte;2;1.0;;1;2;Esther 2|Johannes 4
Teres;2;1.0;;1;2;Esther 2|Esther 6
Hamedatas;2;0.5;;1;1;Esther 3
Gesetzen;2;1.0;;1;2;Esther 3|Jesaja 42
Eilboten;2;0.5;;1;1;Esther 8
Gestüten;2;0.5;;1;1;Esther 8
Nachdruck;2;1.0;;1;2;Esther 9|Titus 3
Nackt;2;1.0;;1;2;Hiob 1|Hiob 24
Verfinstert;2;0.5;;1;1;Hiob 3
Zurechtweisungen;2;1.0;;1;2;Hiob 6|Sprüche 13
Schießt;2;1.0;;1;2;Hiob 8|Jeremia 50
Geborene;2;1.0;;1;2;Galater 4|Hiob 15
Eitles;2;1.0;;1;2;Hiob 15|Jesaja 59
Gram;2;1.0;;1;2;Hiob 17|Psalmen 31
Wohlfahrt;2;1.0;;1;2;Hiob 21|Hiob 36
Dadurch;2;1.0;;1;2;Hiob 22|Johannes 15
Geschosse;2;1.0;;1;2;Hiob 27|Psalmen 7
Barachels;2;0.5;;1;1;Hiob 32
Beschuldigungen;2;1.0;;1;2;Hiob 33|Psalmen 55
Erlöse;2;1.0;;1;2;Hiob 33|Psalmen 119
Kennst;2;1.0;;1;2;Hiob 38|Hiob 39
Klippen;2;1.0;;1;2;Apostelgeschichte 27|Hiob 39
Röhren;2;1.0;;1;2;Hiob 40|Sacharja 4
Schleudersteine;2;1.0;;1;2;Hiob 41|Sacharja 9
Erkennet;2;1.0;;1;2;Psalmen 100|Psalmen 4
Achte;2;1.0;;1;2;Psalmen 37|Psalmen 5
Höchster;2;1.0;;1;2;Psalmen 9|Psalmen 92
Fluchens;2;1.0;;1;2;Psalmen 10|Römer 3
Vergiß;2;1.0;;1;2;Psalmen 10|Psalmen 74
Beim;2;1.0;;1;2;Daniel 6|Psalmen 11
Wucherzinsen;2;1.0;;1;2;Psalmen 15|Sprüche 28
Behüte;2;1.0;;1;2;Psalmen 17|Psalmen 34
Raffe;2;1.0;;1;2;Jeremia 10|Psalmen 26
Erzürne;2;1.0;;1;2;Psalmen 37|Sprüche 24
Befiehl;2;1.0;;1;2;Psalmen 37|Sprüche 16
Unversehrtes;2;1.0;;1;2;Jesaja 1|Psalmen 38
Lobsinget;2;0.5;;1;1;Psalmen 47
Deiner;2;1.0;;1;2;Nahum 3|Psalmen 50
Opfere;2;1.0;;1;2;Psalmen 50|Sprüche 31
Belagerer;2;1.0;;1;2;Jeremia 4|Psalmen 53
Töte;2;1.0;;1;2;Jeremia 41|Psalmen 59
Schweres;2;1.0;;1;2;Psalmen 60|Sprüche 25
Suchot;2;1.0;;1;2;Psalmen 108|Psalmen 60
Menschenhilfe;2;1.0;;1;2;Psalmen 108|Psalmen 60
Verleihe;2;1.0;;1;2;Markus 10|Psalmen 61
Einmal;2;1.0;;1;2;Psalmen 62|Psalmen 89
Örter;2;1.0;;1;2;Epheser 4|Psalmen 63
Sprechet;2;1.0;;1;2;Hosea 14|Psalmen 66
Widerspenstige;2;1.0;;1;2;Jesaja 1|Psalmen 68
Reiße;2;1.0;;1;2;Jeremia 12|Psalmen 69
Nahe;2;1.0;;1;2;Psalmen 69|Zephanja 1
Rechne;2;1.0;;1;2;Psalmen 69|Psalmen 79
Betritt;2;1.0;;1;2;Psalmen 74|Sprüche 25
Würzwein;2;1.0;;1;2;Hohelied 8|Psalmen 75
Beben;2;1.0;;1;2;Jesaja 21|Psalmen 77
Erhalte;2;1.0;;1;2;Psalmen 119|Psalmen 80
Stimmt;2;1.0;;1;2;Psalmen 147|Psalmen 81
Gebal;2;1.0;;1;2;Hesekiel 27|Psalmen 83
Erfreue;2;1.0;;1;2;Psalmen 86|Psalmen 90
Philistäa;2;1.0;;1;2;Psalmen 108|Psalmen 87
Schlechtes;2;1.0;;1;2;Psalmen 101|Titus 2
Betrügereien;2;1.0;;1;2;Psalmen 101|Sprüche 26
Schaffst;2;1.0;;1;2;Micha 6|Psalmen 104
Möchten;2;1.0;;1;2;Psalmen 104|Psalmen 130
Fragt;2;1.0;;1;2;Maleachi 1|Psalmen 105
Entferne;2;1.0;;1;2;Prediger 11|Psalmen 119
Erfülle;2;1.0;;1;2;Jeremia 23|Psalmen 119
Wunderbar;2;1.0;;1;2;Jesaja 9|Psalmen 119
Tränenströme;2;1.0;;1;2;Klagelieder 2|Psalmen 119
Längst;2;1.0;;1;2;Prediger 1|Psalmen 119
Verdrehungen;2;1.0;;1;2;Jesaja 59|Sprüche 2
Mehr;2;1.0;;1;2;Jeremia 48|Sprüche 4
Zimt;2;1.0;;1;2;Hohelied 4|Sprüche 7
Zureden;2;1.0;;1;2;2. Korinther 8|Sprüche 7
Vortreffliches;2;1.0;;1;2;Sprüche 22|Sprüche 8
Punkten;2;1.0;;1;2;Hohelied 1|Sprüche 9
Gescheites;2;1.0;;1;2;Sprüche 10|Sprüche 14
Falsche;2;1.0;;1;2;Sprüche 11|Sprüche 12
Zwistigkeiten;2;1.0;;1;2;1. Korinther 1|Sprüche 18
Dachtraufe;2;1.0;;1;2;Sprüche 19|Sprüche 27
Tiefes;2;1.0;;1;2;Römer 8|Sprüche 20
Kies;2;1.0;;1;2;Klagelieder 3|Sprüche 20
Gleich;2;1.0;;1;2;Jesaja 31|Sprüche 21
Verrücke;2;1.0;;1;2;Sprüche 22|Sprüche 23
Kaum;2;1.0;;1;2;Hohelied 3|Sprüche 23
Rühme;2;1.0;;1;2;Sprüche 25|Sprüche 27
Versprechungen;2;1.0;;1;2;Sacharja 10|Sprüche 25
Hungert;2;1.0;;1;2;1. Korinther 11|Sprüche 25
Nordwind;2;1.0;;1;2;Hohelied 4|Sprüche 25
Lügenworte;2;1.0;;1;2;Jesaja 59|Sprüche 29
Lemuel;2;0.5;;1;1;Sprüche 31
Linnen;2;1.0;;1;2;Daniel 12|Sprüche 31
Schlimmes;2;1.0;;1;2;Jeremia 11|Prediger 11
Schwarz;2;1.0;;1;2;Hohelied 1|Jesaja 50
Narden;2;0.5;;1;1;Hohelied 4
Saphiren;2;1.0;;1;2;Hohelied 5|Jesaja 54
Ratsherren;2;1.0;;1;2;Jesaja 1|Micha 4
Rebmessern;2;1.0;;1;2;Jesaja 2|Micha 4
Immanuel;2;1.0;;1;2;Jesaja 7|Jesaja 8
Palmzweig;2;1.0;;1;2;Jesaja 19|Jesaja 9
Binse;2;1.0;;1;2;Jesaja 19|Jesaja 9
Schreie;2;1.0;;1;2;Jesaja 10|Jesaja 14
Jauchze;2;1.0;;1;2;Jesaja 12|Zephanja 3
Krämpfe;2;1.0;;1;2;Jeremia 22|Jesaja 13
Jahaz;2;1.0;;1;2;Jeremia 48|Jesaja 15
Luchit;2;1.0;;1;2;Jeremia 48|Jesaja 15
Nimrim;2;1.0;;1;2;Jeremia 48|Jesaja 15
Dimon;2;0.5;;1;1;Jesaja 15
Bietet;2;1.0;;1;2;Jeremia 50|Jesaja 21
Sonnenbrand;2;0.5;;1;1;Jesaja 25
Schmucks;2;0.5;;1;1;Jesaja 28
Lies;2;0.5;;1;1;Jesaja 29
Pfähle;2;1.0;;1;2;Jesaja 33|Jesaja 54
Sepharvaim;2;1.0;;1;2;Jesaja 36|Jesaja 37
Tirhaka;2;1.0;;1;2;2. Könige 19|Jesaja 37
Merodach;2;1.0;;1;2;Jeremia 50|Jesaja 39
Buchsbäume;2;1.0;;1;2;Jesaja 41|Jesaja 60
Gewürzrohr;2;1.0;;1;2;Jeremia 6|Jesaja 43
Erinnere;2;1.0;;1;2;Jesaja 43|Titus 3
Brennstoff;2;1.0;;1;2;Hesekiel 39|Jesaja 44
Träufelt;2;1.0;;1;2;Jesaja 45|Micha 2
Verzärtelte;2;1.0;;1;2;Jeremia 6|Jesaja 47
Beschwörungen;2;0.5;;1;1;Jesaja 47
Nahet;2;1.0;;1;2;Hesekiel 9|Jesaja 48
Reiniget;2;1.0;;1;2;Jakobus 4|Jesaja 52
Infolge;2;1.0;;1;2;Jeremia 12|Jesaja 53
Frohlocke;2;1.0;;1;2;Jesaja 54|Sacharja 9
Brich;2;1.0;;1;2;Jesaja 54|Johannes 7
Rubinen;2;1.0;;1;2;Hesekiel 27|Jesaja 54
Anstatt;2;1.0;;1;2;Jesaja 55|Jesaja 60
Ebnet;2;1.0;;1;2;Jesaja 57|Johannes 1
Antrieb;2;1.0;;1;2;Jesaja 58|Lukas 2
Freudenöl;2;1.0;;1;2;Hebräer 1|Jesaja 61
Schweinefleisch;2;1.0;;1;2;Jesaja 65|Jesaja 66
Zügen;2;1.0;;1;2;Jesaja 66|Markus 5
Gerettete;2;1.0;;1;2;Hesekiel 14|Jesaja 66
Zisternen;2;0.5;;1;1;Jeremia 2
Pflüget;2;1.0;;1;2;Hosea 10|Jeremia 4
Stoßet;2;1.0;;1;2;Hesekiel 7|Jeremia 4
Weshalb;2;1.0;;1;2;Jeremia 5|Kolosser 1
Horch;2;1.0;;1;2;Jeremia 10|Jeremia 8
Hinterlist;2;1.0;;1;2;Hosea 7|Jeremia 9
Uphas;2;1.0;;1;2;Daniel 10|Jeremia 10
Schwindel;2;1.0;;1;2;Jeremia 10|Jeremia 51
Bündel;2;1.0;;1;2;Jeremia 10|Matthäus 13
Olivenbaum;2;1.0;;1;2;Haggai 2|Jeremia 11
Beweinet;2;0.5;;1;1;Jeremia 22
Schauderhaftes;2;1.0;;1;2;Hosea 6|Jeremia 23
Hätten;2;1.0;;1;2;Jeremia 23|Matthäus 23
Thema;2;1.0;;1;2;Hiob 6|Jeremia 25
Sesach;2;1.0;;1;2;Jeremia 25|Jeremia 51
Bauet;2;0.5;;1;1;Jeremia 29
Achab;2;0.5;;1;1;Jeremia 29
Erkenne;2;1.0;;1;2;Hebräer 8|Jeremia 31
Machsejas;2;1.0;;1;2;Jeremia 32|Jeremia 51
Jesanja;2;1.0;;1;2;Jeremia 40|Jeremia 42
Mastkälbern;2;1.0;;1;2;Amos 5|Jeremia 46
Kerijot;2;1.0;;1;2;Amos 2|Jeremia 48
Wurde;2;1.0;;1;2;Jakobus 2|Jeremia 48
Rächet;2;1.0;;1;2;Jeremia 50|Römer 12
Grundstein;2;1.0;;1;2;Jeremia 51|Offenbarung 21
Juble;2;1.0;;1;2;Klagelieder 4|Sacharja 2
Ezechiel;2;1.0;;1;2;Hesekiel 1|Hesekiel 24
Menschenkot;2;0.5;;1;1;Hesekiel 4
Strafen;2;1.0;;1;2;Apostelgeschichte 26|Hesekiel 5
Mißfallen;2;1.0;;1;2;Hesekiel 20|Hesekiel 6
Durchs;2;1.0;;1;2;Amos 9|Hesekiel 6
Bildnisse;2;1.0;;1;2;Hesekiel 23|Hesekiel 8
Tötet;2;1.0;;1;2;Hesekiel 9|Kolosser 3
Glanzes;2;1.0;;1;2;Hesekiel 10|Hesekiel 28
Keines;2;1.0;;1;2;Hesekiel 12|Hesekiel 29
Binden;2;0.5;;1;1;Hesekiel 13
Semmel;2;0.5;;1;1;Hesekiel 16
Blutvergießerinnen;2;1.0;;1;2;Hesekiel 16|Hesekiel 23
Stande;2;0.5;;1;1;Hesekiel 16
Nasenringen;2;0.5;;1;1;Hesekiel 19
Unheiligen;2;1.0;;1;2;1. Timotheus 1|Hesekiel 22
Rachsucht;2;0.5;;1;1;Hesekiel 25
Arvad;2;0.5;;1;1;Hesekiel 27
Ruderknechte;2;0.5;;1;1;Hesekiel 27
Mänteln;2;1.0;;1;2;Daniel 3|Hesekiel 27
Syene;2;1.0;;1;2;Hesekiel 29|Hesekiel 30
Weideland;2;1.0;;1;2;Hesekiel 34|Hesekiel 48
Totengebeine;2;1.0;;1;2;Hesekiel 37|Matthäus 23
Gogs;2;0.5;;1;1;Hesekiel 39
Dorthin;2;1.0;;1;2;Hesekiel 40|Joel 4
Unterlasset;2;0.5;;1;1;Hesekiel 45
Höfe;2;1.0;;1;2;Hesekiel 46|Lukas 9
Hetlon;2;1.0;;1;2;Hesekiel 47|Hesekiel 48
Hazar-Enon;2;1.0;;1;2;Hesekiel 47|Hesekiel 48
Tonerde;2;0.5;;1;1;Daniel 2
Infolgedessen;2;1.0;;1;2;Daniel 3|Daniel 5
Hauet;2;0.5;;1;1;Daniel 4
Tekel;2;0.5;;1;1;Daniel 5
Schmeicheleien;2;0.5;;1;1;Daniel 11
Zustände;2;1.0;;1;2;Apostelgeschichte 24|Daniel 12
Hurenkinder;2;1.0;;1;2;Hosea 1|Hosea 2
Lo-Ruchama;2;0.5;;1;1;Hosea 1
Begnadigte;2;1.0;;1;2;Hosea 2|Lukas 1
Jareb;2;1.0;;1;2;Hosea 10|Hosea 5
Bedecket;2;1.0;;1;2;Hosea 10|Lukas 23
Maßgabe;2;1.0;;1;2;2. Korinther 8|Hosea 10
Geburtswehen;2;1.0;;1;2;Galater 4|Hosea 13
Zypresse;2;1.0;;1;2;Hosea 14|Sacharja 11
Löwenzähne;2;1.0;;1;2;Joel 1|Offenbarung 9
Hasset;2;1.0;;1;2;Amos 5|Römer 12
Niemals;2;1.0;;1;2;Amos 8|Matthäus 25
Habakuk;2;1.0;;1;2;Habakuk 1|Habakuk 3
Menschenblutes;2;0.5;;1;1;Habakuk 2
Eifers;2;1.0;;1;2;Zephanja 1|Zephanja 3
Kamelhaaren;2;1.0;;1;2;Markus 1|Matthäus 3
Menschenfischern;2;1.0;;1;2;Markus 1|Matthäus 4
Nester;2;1.0;;1;2;Lukas 9|Matthäus 8
Thaddäus;2;1.0;;1;2;Markus 3|Matthäus 10
Weinsäufer;2;1.0;;1;2;Lukas 7|Matthäus 11
Chorazin;2;1.0;;1;2;Lukas 10|Matthäus 11
Erkläre;2;1.0;;1;2;Matthäus 13|Matthäus 15
Trefflich;2;1.0;;1;2;Markus 7|Matthäus 15
Diebstahl;2;1.0;;1;2;Markus 7|Matthäus 15
Hernach;2;1.0;;1;2;Matthäus 21|Matthäus 25
Christusse;2;1.0;;1;2;Markus 13|Matthäus 24
Wußtest;2;1.0;;1;2;Lukas 19|Matthäus 25
Zinsen;2;1.0;;1;2;Lukas 19|Matthäus 25
Gethsemane;2;1.0;;1;2;Markus 14|Matthäus 26
Schlaft;2;1.0;;1;2;Markus 14|Matthäus 26
Backenstreiche;2;1.0;;1;2;Johannes 19|Matthäus 26
Blutacker;2;1.0;;1;2;Apostelgeschichte 1|Matthäus 27
Verstumme;2;1.0;;1;2;Lukas 4|Markus 1
Jairus;2;1.0;;1;2;Lukas 8|Markus 5
Bechern;2;0.5;;1;1;Markus 7
Krügen;2;0.5;;1;1;Markus 7
Wehret;2;1.0;;1;2;Lukas 9|Markus 9
Bettler;2;1.0;;1;2;Johannes 9|Markus 10
Rabbuni;2;1.0;;1;2;Johannes 20|Markus 10
Größer;2;1.0;;1;2;Jakobus 4|Markus 12
Rufus;2;1.0;;1;2;Markus 15|Römer 16
Eloi;2;0.5;;1;1;Markus 15
Salome;2;1.0;;1;2;Markus 15|Markus 16
Augenzeugen;2;1.0;;1;2;2. Petrus 1|Lukas 1
Theophilus;2;1.0;;1;2;Apostelgeschichte 1|Lukas 1
Zelotes;2;1.0;;1;2;Apostelgeschichte 1|Lukas 6
Johanna;2;1.0;;1;2;Lukas 24|Lukas 8
Lohnes;2;1.0;;1;2;1. Timotheus 5|Lukas 10
Schuldschein;2;0.5;;1;1;Lukas 16
Laufet;2;1.0;;1;2;1. Korinther 9|Lukas 21
Fallet;2;1.0;;1;2;Lukas 23|Offenbarung 6
Verwundert;2;1.0;;1;2;1. Johannes 3|Johannes 5
Murret;2;1.0;;1;2;1. Korinther 10|Johannes 6
Kriegsknecht;2;1.0;;1;2;Apostelgeschichte 10|Johannes 19
Wochentag;2;1.0;;1;2;1. Korinther 16|Johannes 20
Matthias;2;0.5;;1;1;Apostelgeschichte 1
Gamaliel;2;1.0;;1;2;Apostelgeschichte 22|Apostelgeschichte 5
Kyrenäer;2;1.0;;1;2;Apostelgeschichte 11|Apostelgeschichte 6
Aeneas;2;0.5;;1;1;Apostelgeschichte 9
Gemeines;2;1.0;;1;2;Apostelgeschichte 10|Apostelgeschichte 11
Agabus;2;1.0;;1;2;Apostelgeschichte 11|Apostelgeschichte 21
Lucius;2;1.0;;1;2;Apostelgeschichte 13|Römer 16
Paphos;2;0.5;;1;1;Apostelgeschichte 13
Pisidien;2;1.0;;1;2;Apostelgeschichte 13|Apostelgeschichte 14
Jupiter;2;0.5;;1;1;Apostelgeschichte 14
Mysien;2;0.5;;1;1;Apostelgeschichte 16
Bithynien;2;1.0;;1;2;1. Petrus 1|Apostelgeschichte 16
Lydia;2;0.5;;1;1;Apostelgeschichte 16
Unterredungen;2;1.0;;1;2;Apostelgeschichte 17|Apostelgeschichte 18
Fremdartiges;2;1.0;;1;2;1. Petrus 4|Apostelgeschichte 17
Krispus;2;1.0;;1;2;1. Korinther 1|Apostelgeschichte 18
Sosthenes;2;1.0;;1;2;1. Korinther 1|Apostelgeschichte 18
Gerichtstage;2;1.0;;1;2;1. Korinther 4|Apostelgeschichte 19
Assus;2;0.5;;1;1;Apostelgeschichte 20
Gewisses;2;1.0;;1;2;Apostelgeschichte 21|Apostelgeschichte 25
Tertullus;2;0.5;;1;1;Apostelgeschichte 24
Julius;2;0.5;;1;1;Apostelgeschichte 27
Klafter;2;0.5;;1;1;Apostelgeschichte 27
Gerichtes;2;1.0;;1;2;2. Thessalonicher 1|Römer 2
Fürstentümer;2;1.0;;1;2;Kolosser 1|Römer 8
Schmausereien;2;1.0;;1;2;1. Petrus 4|Römer 13
Spanien;2;0.5;;1;1;Römer 15
Phöbe;2;0.5;;1;1;Römer 16
Prisca;2;1.0;;1;2;2. Timotheus 4|Römer 16
Baumeister;2;1.0;;1;2;1. Korinther 3|Hebräer 11
Möchtet;2;1.0;;1;2;1. Korinther 4|2. Korinther 11
Götzendienern;2;1.0;;1;2;1. Korinther 5|Offenbarung 21
Habsüchtiger;2;1.0;;1;2;1. Korinther 5|Epheser 5
Beschnitten;2;1.0;;1;2;1. Korinther 7|Galater 6
Betreffs;2;1.0;;1;2;1. Korinther 7|1. Korinther 8
Unterschiede;2;1.0;;1;2;1. Korinther 12|Jakobus 2
Strebet;2;1.0;;1;2;1. Korinther 12|1. Korinther 14
Körper;2;0.5;;1;1;1. Korinther 15
Unbekannte;2;1.0;;1;2;2. Korinther 6|Hosea 8
Bekenntnisses;2;1.0;;1;2;2. Korinther 9|Hebräer 3
Schiffbruch;2;1.0;;1;2;1. Timotheus 1|2. Korinther 11
Offenbarungen;2;0.5;;1;1;2. Korinther 12
Prüfet;2;1.0;;1;2;2. Korinther 13|Epheser 5
Unbeschnittensein;2;1.0;;1;2;Galater 5|Galater 6
Ruhme;2;1.0;;1;2;Galater 5|Psalmen 71
Redensarten;2;1.0;;1;2;Epheser 5|Kolosser 3
Augendienerei;2;1.0;;1;2;Epheser 6|Kolosser 3
Epaphroditus;2;1.0;;1;2;Philipper 2|Philipper 4
Mitstreiter;2;1.0;;1;2;Philemon 1|Philipper 2
Onesimus;2;1.0;;1;2;Kolosser 4|Philemon 1
Drangsalen;2;1.0;;1;2;2. Thessalonicher 1|Hebräer 10
Legenden;2;1.0;;1;2;1. Timotheus 1|Titus 1
Hymenäus;2;1.0;;1;2;1. Timotheus 1|2. Timotheus 2
Gewande;2;2.0;;1;4;1. Timotheus 2|Nehemia 5|Offenbarung 1|Sprüche 16
Haarflechten;2;1.0;;1;2;1. Petrus 3|1. Timotheus 2
Weingenuß;2;1.0;;1;2;1. Timotheus 3|Titus 2
Eidschwur;2;0.5;;1;1;Hebräer 7
Pilgrime;2;1.0;;1;2;1. Petrus 2|Hebräer 11
Scheltwort;2;0.5;;1;1;1. Petrus 3
Mitgenosse;2;1.0;;1;2;1. Petrus 5|Offenbarung 1
Smyrna;2;1.0;;1;2;Offenbarung 1|Offenbarung 2
Pergamus;2;1.0;;1;2;Offenbarung 1|Offenbarung 2
Philadelphia;2;1.0;;1;2;Offenbarung 1|Offenbarung 3
Versiegle;2;1.0;;1;2;Offenbarung 10|Offenbarung 22
Gerecht;2;1.0;;1;2;Offenbarung 15|Offenbarung 16
Brandes;2;0.5;;1;1;Offenbarung 18
